id,name,universe,alias,tier,image_url,created_at,real_name,blurb,fit_roles,bad_roles,lines,prep_shift,Power_lvl
00329c57-1cc2-4d0b-81d9-594e528caa06,Kyojuro Rengoku,DS,Rengoku,C,https://trtccsljexjplnuhnlkz.supabase.co/storage/v1/object/public/character-art/kyojuro-rengoku.jpg,2026-08-11 04:47:36.459091+00,Rengoku,Set his heart ablaze and meant it.,PA,S,"{""reply"":[""Weak resolve does not scare a burning heart!"",""I do not fear death. I fear failing my duty!"",""Whatever happens, I will not let you pass!""],""taunt"":[""Set your heart ablaze! That's how you fight!"",""A Hashira never wavers, not even here!"",""I will protect everyone, with everything I have!""],""falling"":[""Set your heart ablaze, no matter what happens to me!"",""I have no regrets. This was my duty, and I loved it.""],""overDown"":[""Set your heart ablaze, even here, at the end!"",""That is the duty of a Hashira, fulfilled!""]}",0,77
003d59dd-a46b-464d-8a00-569736298f4e,Wonder Woman,DC,Diana Prince,A,https://trtccsljexjplnuhnlkz.supabase.co/storage/v1/object/public/character-art/wonder-woman.jpg,2026-08-11 04:47:36.459091+00,Diana Prince,Truth is not optional.,AE,W,"{""reply"":[""Deception does not survive the lasso's truth."",""I do not fight for glory. I fight because it's right."",""An Amazon does not flinch at threats.""],""taunt"":[""Truth doesn't fear you. Neither do I."",""The lasso has already decided who's lying here."",""Themyscira trained me for exactly this moment.""],""falling"":[""Even an Amazon bleeds. Rarely shown."",""Themyscira will hear of this. Someday.""],""overDown"":[""Justice, as it should be."",""The truth was always going to win.""]}",0,91
011a53d7-cead-441c-b4a7-d79d51814e95,Cecil Stedman,INV,Director Cecil,D,,2026-08-28 00:26:55.746744+00,Cecil Stedman,Protects Earth by any ruthless means necessary.,S,P,,1,50
01a56169-4d2b-4ea9-828d-1991ed0c3c53,Inosuke Hashibira,DS,Inosuke,D,https://trtccsljexjplnuhnlkz.supabase.co/storage/v1/object/public/character-art/inosuke-hashibira.jpg,2026-08-11 04:47:36.459091+00,Inosuke,"Boar head, no plan.",PW,S,"{""reply"":[""Ha! Big words from something about to lose to a boar!"",""I don't listen to prey that still talks this much!"",""Come on then! I've fought scarier things barehanded!""],""taunt"":[""Boar charges forward! No plan needed!"",""I'm the strongest in the mountains, and now here too!"",""Beast breathing doesn't need your permission to win!""],""falling"":[""This wasn't supposed to happen to me, of all people!"",""Tanjiro's gonna hear I actually lost one. Unacceptable!""],""overDown"":[""Told ya! Strongest in the mountains!"",""That's what happens when you challenge a beast!""]}",0,65
01d6cc12-5b0b-49ba-87ad-6c2a5b484199,Kitana,MK,,B,https://trtccsljexjplnuhnlkz.supabase.co/storage/v1/object/public/character-art/kitana.jpg,2026-08-19 13:13:40.4991+00,Kitana,,SE,P,,1,74
0252b238-d5c9-4aeb-bea4-2d8a16ab735d,Zenon Zogratis,BC,Zenon,A,https://trtccsljexjplnuhnlkz.supabase.co/storage/v1/object/public/character-art/zenon-zogratis.jpg,2026-08-11 04:47:36.459091+00,Zenon,"Bone, and nothing behind the eyes.",EP,A,"{""reply"":[""Emotion is a weakness I discarded long ago."",""Your threat registers as noise, nothing more."",""I have no fear left to exploit.""],""taunt"":[""Bone, and nothing behind my eyes but your defeat."",""I feel little. Winning is one of the few things I do."",""This body doesn't tire. Yours will.""],""falling"":[""This is... an unfamiliar sensation. Loss."",""Even nothing behind the eyes feels this, apparently.""],""overDown"":[""Another win. It means less than you'd think."",""Bone magic, undefeated, as expected.""]}",0,90
03085f2b-e82b-4d98-8e10-246fab5d289c,Minato Namikaze,NAR,,S,https://trtccsljexjplnuhnlkz.supabase.co/storage/v1/object/public/character-art/minato-namikaze.jpg,2026-08-19 13:13:40.4991+00,Fourth Hokage,The OG.,PE,A,,0,94
03de1f80-91fa-4778-b9bc-713b732bdac9,Conquest,INV,Conquest,A,,2026-08-28 00:26:55.746744+00,Conquest,Viltrum’s most battle-crazed warrior.,PE,A,,0,88
041b59e6-7119-46ce-8033-a1c5d6ec2330,The Thing,MAR,Ben Grimm,B,https://trtccsljexjplnuhnlkz.supabase.co/storage/v1/object/public/character-art/the-thing.jpg,2026-08-11 04:47:36.459091+00,Ben Grimm,"Clobbering time, every time.",PA,S,"{""reply"":[""Ain't much scares a guy already made of rock."",""Cute speech. Didn't change a thing."",""Talk's cheap, and I'm made of the expensive stuff.""],""taunt"":[""It's clobberin' time."",""You picked a fight with a pile of rocks. Bold."",""I've been ugly and tough longer than you've been alive.""],""falling"":[""Even rock cracks eventually, I guess."",""Reed's gonna have a field day analyzing this.""],""overDown"":[""Told ya. Clobberin' time."",""That's what happens when you tick off the Thing.""]}",0,81
04634f61-da77-4211-8980-d0506f38e3a1,Beru,SL,Beru,A,https://trtccsljexjplnuhnlkz.supabase.co/storage/v1/object/public/character-art/beru.jpg,2026-08-11 04:47:36.459091+00,Beru,"Ant king, extremely loyal now.",PAE,S,"{""reply"":[""Loyalty makes me dangerous in ways you cannot measure."",""I exist to serve, and to end threats like you."",""You dare raise a hand near my liege's presence?""],""taunt"":[""The Ant King serves a Monarch. That alone should worry you."",""I have devoured stronger things than you for breakfast."",""My liege does not need to lift a claw for this.""],""falling"":[""My liege... forgive this failure."",""Even loyalty has its costs, apparently.""],""overDown"":[""My liege will be pleased with this outcome."",""The Ant King does not fail his Monarch.""]}",0,90
0531ea85-ee23-4b02-ad5d-65ba6ebcbc0b,Ethan Winters,RE,,B,https://trtccsljexjplnuhnlkz.supabase.co/storage/v1/object/public/character-art/EthanW.jpg,2026-08-16 16:53:54.077409+00,Ethan Winters,Lost a hand. Kept going.,AWE,S,"{""reply"":[""I've kept going through worse than your threats."",""You're not the strangest thing that's tried to kill me."",""I just want to go home. You're in the way of that.""],""taunt"":[""Lost a hand already. Not losing this fight too."",""I've survived worse than you in my own basement."",""Whatever you're planning, I've had worse happen at dinner.""],""falling"":[""Not again. I just wanted this to be over."",""Guess I'm losing another body part today. Fantastic.""],""overDown"":[""Just trying to get home. That's the whole motivation."",""Mia's waiting. This needed to end.""]}",1,68
064f5900-17fd-4b03-97a2-e1a073a94fb1,Soldier Boy,BOYS,Ben / Vought's First Superhero,B,https://trtccsljexjplnuhnlkz.supabase.co/storage/v1/object/public/character-art/soldier-boy.jpg,2026-08-18 03:34:10.307932+00,Ben,Vought's original super soldier.,SE,A,"{""reply"":[""I don't get weak. I ain't Homelander."",""You want a hero? You're looking at him."",""I beat the hell out of worse than you.""],""taunt"":[""You think you're tough? You're a disappointment."",""I made this country!"",""Let's see if you can take a real hit.""],""falling"":[""Back in... the chamber..."",""Not again...""],""overDown"":[""Depowered and done."",""Just another shell.""]}",0,78
084fd1b4-4df5-4c07-b64a-48d39affbecc,Chrollo Lucilfer,HXH,,A,https://trtccsljexjplnuhnlkz.supabase.co/storage/v1/object/public/character-art/chrollo-lucilfer.jpg,2026-08-19 13:13:40.4991+00,Chrollo,,SW,A,,2,84
08d6ad36-e5c2-4ff0-ba1c-87b67d8d4fee,Biscuit Krueger,HXH,,B,https://trtccsljexjplnuhnlkz.supabase.co/storage/v1/object/public/character-art/biscuit-krueger.jpg,2026-08-19 13:13:40.4991+00,Bisky,,PA,W,,1,81
0cf16791-148c-4692-ac69-b53b3eed704f,Gambit,MAR,Remy LeBeau,C,https://trtccsljexjplnuhnlkz.supabase.co/storage/v1/object/public/character-art/gambit.jpg,2026-08-11 04:47:36.459091+00,Remy LeBeau,Anything is a weapon if you charge it.,WS,P,"{""reply"":[""Remy's heard sweeter talk from angrier men."",""You wanna play cards with the best, cher? Fine."",""Kinetic charge don't care 'bout your speech.""],""taunt"":[""Anything's a weapon once Remy charges it, cher."",""Gambit don't need luck. Gambit makes it."",""This card's already got your name on it.""],""falling"":[""Should've bet smaller, non?"",""Even the best hand loses sometimes.""],""overDown"":[""Deal's closed, cher."",""That's a royal flush, if you were wondering.""]}",0,66
0d013c83-ecd5-4c93-8d42-eca7d8fcbb90,Kingsley Shacklebolt,HP,,B,https://trtccsljexjplnuhnlkz.supabase.co/storage/v1/object/public/character-art/kingsley-shacklebolt.jpg,2026-08-19 13:13:40.4991+00,Kingsley,,SA,W,,1,73
0db807ca-88fd-4ab6-b168-e64eff223d43,Mahito,JJK,,B,https://trtccsljexjplnuhnlkz.supabase.co/storage/v1/object/public/character-art/mahito.jpg,2026-08-19 13:13:40.4991+00,Mahito,,WE,A,,0,81
0ea03b13-7c19-4852-90fc-68a3594954ae,Poison Ivy,DC,Pamela Isley,C,https://trtccsljexjplnuhnlkz.supabase.co/storage/v1/object/public/character-art/poison-ivy.jpg,2026-08-11 04:47:36.459091+00,Pamela Isley,The garden is on her side.,WE,A,"{""reply"":[""The plants agree with me. That's two against one."",""Your threat means less than a wilting leaf to me."",""I've poisoned scarier men with better manners.""],""taunt"":[""The garden's on my side. You're outnumbered."",""One breath of my perfume and this is already over."",""Nature doesn't forgive what humanity's done. Neither do I.""],""falling"":[""Even I can be cut down, apparently."",""The roots will remember this insult.""],""overDown"":[""The garden grows regardless."",""Nature always reclaims what's hers.""]}",1,67
0ed8e595-7cbb-4576-a8d4-ee7daba1ec28,Spider-Man,MAR,Peter Parker,B,https://trtccsljexjplnuhnlkz.supabase.co/storage/v1/object/public/character-art/spider-man.jpg,2026-08-11 04:47:36.459091+00,Peter Parker,With great power comes great responsibility.,PAS,E,"{""reply"":[""Cute speech. Did you write it yourself?"",""I've heard scarier lines from a substitute teacher."",""Give me a second, I'm still thinking of a comeback.""],""taunt"":[""My spider-sense is basically bored right now."",""Quick tip, my jokes land harder than my punches."",""Aunt May could dodge that one.""],""falling"":[""Aunt May's gonna kill me before you even do."",""Okay, that one I'm feeling tomorrow.""],""overDown"":[""With great power comes, well, that."",""I'll web you a get well card. Maybe.""]}",1,79
0f52a459-f425-41f3-ad7e-9b4a79710d99,Sentry,MAR,"Robert ""Bob"" Reynolds",S,https://trtccsljexjplnuhnlkz.supabase.co/storage/v1/object/public/character-art/sentry.jpg,2026-08-16 16:53:54.077409+00,Bob Reynolds,Power of a million exploding suns.,PW,AS,"{""reply"":[""I'm afraid of myself more than I'll ever be of you."",""Careful. I don't always control what happens next."",""You're threatening the wrong half of me.""],""taunt"":[""I carry a million exploding suns. Try me."",""The Void is watching. That should worry you more than I do."",""Bob Reynolds isn't the scary part. What's in him is.""],""falling"":[""The Void is laughing. That's the part that scares me."",""I can feel it wanting out. Not good.""],""overDown"":[""I didn't want this. It happened anyway."",""The power did that. I just carry it.""]}",0,97
10343b5a-dbdf-48d4-b00b-01bdd80173b5,Delsin Rowe,INF,Smoke Conduit,A,https://trtccsljexjplnuhnlkz.supabase.co/storage/v1/object/public/character-art/delsin-rowe.jpg,2026-08-17 22:34:35.711556+00,Delsin Rowe,The Cole Macgrath replacment.,WE,A,"{""reply"":[""I'm a Conduit. Deal with it."",""Smoke, Neon, Video... take your pick.""],""taunt"":[""Catch me if you can!"",""You want some of this?""],""falling"":[""Out of smoke...""],""overDown"":[""Orbital Drop finished.""]}",0,86
12427e2b-038d-416e-a5bd-069bb6bb9f13,Aoi Todo,JJK,,B,https://trtccsljexjplnuhnlkz.supabase.co/storage/v1/object/public/character-art/aoi-todo.jpg,2026-08-19 13:13:40.4991+00,Todo,,SP,,,1,77
12964324-5e4c-453b-84b2-15595f5ce4a5,Talia al Ghul,DC,Talia al Ghul,C,https://trtccsljexjplnuhnlkz.supabase.co/storage/v1/object/public/character-art/talia-al-ghul.jpg,2026-08-11 04:47:36.459091+00,Talia al Ghul,Better tactician than her father.,SE,A,"{""reply"":[""My father's shadow taught me to never underestimate."",""You mistake my calm for something you can exploit."",""I have loved and killed men more dangerous than you.""],""taunt"":[""Better tactician than my father, and he knows it."",""The League trained me since birth. This is instinct."",""I have outmaneuvered smarter men than you already.""],""falling"":[""Even the best tactician miscalculates occasionally."",""My father will hear of this. Eventually.""],""overDown"":[""Strategy, executed precisely."",""The League does not train for anything less.""]}",1,61
12c2b8c6-35ea-4788-be61-fbdcd0ac1fa4,Thomas Andre,SL,Goliath,A,https://trtccsljexjplnuhnlkz.supabase.co/storage/v1/object/public/character-art/thomas-andre.jpg,2026-08-11 04:47:36.459091+00,Goliath,America's national-level problem.,PE,S,"{""reply"":[""I've heard scarier threats from actual monarchs."",""Save it. National-level hunters don't flinch."",""You'll need more than words against this rank.""],""taunt"":[""America's national-level hunter doesn't lose small fights."",""I've cleared S-rank gates before breakfast."",""Goliath doesn't back down from anything.""],""falling"":[""Even national-level hunters have bad days, apparently."",""This is gonna be a long report to file.""],""overDown"":[""That's national-level strength, on full display."",""America's finest, still undefeated.""]}",0,89
12fedff4-0622-4c33-b2bf-0fafff8a65c6,Gamora,MAR,Gamora,C,https://trtccsljexjplnuhnlkz.supabase.co/storage/v1/object/public/character-art/gamora.jpg,2026-08-11 04:47:36.459091+00,Gamora,Raised by the worst.,ES,P,"{""reply"":[""I was raised by monsters. You are not one."",""Save your threats. I've heard my father's."",""That's cute. Thanos was scarier.""],""taunt"":[""Thanos trained me. This is nothing."",""I've survived worse than you before breakfast."",""I don't lose. Not anymore.""],""falling"":[""Even the deadliest woman has a limit."",""Thanos would be disappointed. Good.""],""overDown"":[""Deadliest woman in the galaxy. Remember that."",""I earned that title. Every scar of it.""]}",0,64
1447d348-202d-4f8a-8d97-d9b642d23aa8,Bulletproof,INV,Bulletproof,C,,2026-08-28 00:26:55.746744+00,Zack Thompson,Absorbs kinetic energy to power his flight.,PA,S,,0,73
1654f49a-3054-4c4d-8ca0-d608c8f5f465,Robin,DC,Damian Wayne,D,https://trtccsljexjplnuhnlkz.supabase.co/storage/v1/object/public/character-art/robin.jpg,2026-08-11 04:47:36.459091+00,Damian Wayne,Ten years old. Furious.,ES,A,"{""reply"":[""I do not fear threats from the mediocre."",""Grandfather taught me patience. I am running out."",""You waste breath I could spend finishing this.""],""taunt"":[""I'm ten. I've already killed men worse than you."",""Father trained me since birth. This is nothing."",""Do not mistake my age for weakness.""],""falling"":[""Father will hear of this failure. Unfortunately."",""This will not happen again.""],""overDown"":[""Damian Wayne does not lose."",""Efficient. As always.""]}",0,59
1740ab66-818a-496e-9851-c50f9be0d6ff,Go Gunhee,SL,Go Gunhee,B,https://trtccsljexjplnuhnlkz.supabase.co/storage/v1/object/public/character-art/go-gunhee.jpg,2026-08-11 04:47:36.459091+00,Go Gunhee,"Old, tired, still S-rank.",PA,W,"{""reply"":[""I've heard scarier threats before my morning tea."",""Experience beats bravado. Every single time."",""You'll learn respect the hard way, I suspect.""],""taunt"":[""Old, tired, and still S-rank. Sit with that."",""I've led the Hunters Association through worse than you."",""Age didn't slow down the things that matter.""],""falling"":[""Even old bones have their limits eventually."",""The Association's gonna need a new chairman soon, apparently.""],""overDown"":[""That's what decades of experience gets you."",""Still S-rank. Don't forget it.""]}",1,79
182fcd88-ab40-445e-909b-555595945d8c,Allen the Alien,INV,Allen,S,,2026-08-28 00:26:55.746744+00,Allen,Grows stronger from every fight he survives.,PA,S,,0,89
19dcf1f1-1d69-41d0-9f83-e0b97ed5a75f,Angstrom Levy,INV,Levy,B,,2026-08-28 00:26:55.746744+00,Angstrom Levy,Tearing open portals across infinite dimensions.,WS,P,,1,78
1aa51436-9ffe-4c63-86fa-21b0bb5910b5,Monster Girl,INV,Monster Girl,C,,2026-08-28 00:26:55.746744+00,Amanda,Transforms into a titan at the cost of her youth.,PA,S,,0,74
1d0e93c8-058a-42f4-a728-ca9724b1aca3,Menthuthuyoupi,HXH,,B,https://trtccsljexjplnuhnlkz.supabase.co/storage/v1/object/public/character-art/menthuthuyoupi.jpg,2026-08-19 13:13:40.4991+00,Youpi,,PA,S,,0,86
1e416bd0-1e25-4032-9279-933a5fcfad64,Baraka,MK,,C,https://trtccsljexjplnuhnlkz.supabase.co/storage/v1/object/public/character-art/baraka.jpg,2026-08-19 13:13:40.4991+00,Baraka,,E,SA,,0,66
20a14215-44e7-4f49-99ef-f83d90a441b7,Mitsuri Kanroji,DS,,C,https://trtccsljexjplnuhnlkz.supabase.co/storage/v1/object/public/character-art/mitsuri-kanroji.jpg,2026-08-19 13:13:40.4991+00,Mitsuri,Love Hashira.,PA,S,,0,74
20eaf504-ff9f-4750-bfc6-51c024f04f76,Stormfront,BOYS,Klara Risinger,B,,2026-08-27 23:48:19.72276+00,Klara Risinger,"Old-world hate, modern-day marketing.",WE,A,,0,73
21ca4b97-5238-4ce4-8de0-612dcd1e91f9,Two-Face,DC,Harvey Dent,D,https://trtccsljexjplnuhnlkz.supabase.co/storage/v1/object/public/character-art/two-face.jpg,2026-08-11 04:47:36.459091+00,Harvey Dent,Fifty-fifty on everything.,WE,A,"{""reply"":[""The coin doesn't care about your speech."",""Justice is a coin flip. Yours just landed wrong."",""Harvey's not here right now. I am.""],""taunt"":[""Fifty-fifty. The coin already decided your fate."",""Harvey wanted to talk this out. I didn't let him."",""Heads you lose quickly. Tails you lose slowly.""],""falling"":[""Even the coin couldn't save that outcome."",""Harvey's saying I told you so. Quietly.""],""overDown"":[""Heads. Like I said."",""The coin never lies.""]}",1,54
224ef377-7ea6-40ef-b86e-f90191d61abe,Queen Maeve,BOYS,Maggie Shaw,B,,2026-08-27 23:48:19.72276+00,Maggie Shaw,"A warrior who lost her soul, trying to buy it back.",PA,W,,0,74
2288991d-fb89-4dff-aaab-3b1d6afbac0d,Ada Wong,RE,Double Agent,C,https://trtccsljexjplnuhnlkz.supabase.co/storage/v1/object/public/character-art/ada-wong.jpg,2026-08-17 22:20:25.745042+00,Ada Wong,Always leaves on her own terms.,SW,P,"{""reply"":[""See you around, Leon."",""Work comes first.""],""taunt"":[""You're predictable."",""Catch me if you can.""],""falling"":[""Plans change...""],""overDown"":[""Pleasure doing business.""]}",1,58
22d169a4-5b75-4b5d-b6a1-2360c6903b15,Deadpool,MAR,Wade Wilson,B,https://trtccsljexjplnuhnlkz.supabase.co/storage/v1/object/public/character-art/deadpool.jpg,2026-08-11 04:47:36.459091+00,Wade Wilson,Reads the price sticker back to you.,WE,A,"{""reply"":[""Boo, villain speech, two stars, would not watch again."",""That's cute. I've got chimichangas riding on this."",""Wow. Someone skipped their character development arc.""],""taunt"":[""Ooh, is this the part where you monologue?"",""I've got merc with a mouth AND fists, buddy."",""Fourth wall's right there if you wanna break it too.""],""falling"":[""I'll be fine, probably, regeneration's weird like that."",""Ow. Rude. Very rude.""],""overDown"":[""And that's why I'm the best at what I do."",""Somebody get this on camera, nobody's gonna believe it.""]}",1,78
23d7d270-97df-45e1-903e-1d673b852a30,Kratos,MK,,S,https://trtccsljexjplnuhnlkz.supabase.co/storage/v1/object/public/character-art/kratos.jpg,2026-08-16 16:53:54.077409+00,Kratos,"Killed gods for a living. Retired, mostly.",PE,W,"{""reply"":[""I do not fear threats from mortals or gods."",""I have buried better warnings than yours."",""Rage got me through Olympus. You are not Olympus.""],""taunt"":[""I have killed gods. This will not take long."",""Boy, watch closely. This is how it is done."",""The Blades of Chaos have not rusted.""],""falling"":[""Even a god-slayer bleeds. Rarely admitted."",""Boy, remember this. Learn from it.""],""overDown"":[""Another death added to a very long list."",""The Blades remember every one of these.""]}",0,99
24125a8f-63f1-4b7e-b784-c64e726e4315,Toji Fushiguro,JJK,Toji,B,https://trtccsljexjplnuhnlkz.supabase.co/storage/v1/object/public/character-art/toji-fushiguro.jpg,2026-08-11 04:47:36.459091+00,Toji,No cursed energy. Still the scariest.,PE,W,"{""reply"":[""Cursed energy doesn't matter if you're already dead."",""I've killed scarier sorcerers than you with less effort."",""Talk's not gonna stop the inverted spear.""],""taunt"":[""No cursed energy. Still the scariest thing here."",""Sorcerer Killer. The name explains itself."",""I don't need cursed techniques to end sorcerers.""],""falling"":[""Should've seen that domain coming. My mistake."",""Guess even the Sorcerer Killer meets his match eventually.""],""overDown"":[""Another sorcerer, handled. As always."",""Zero cursed energy, zero problem.""]}",1,83
26fa8967-8a59-44d5-9aef-b8838e6d1aea,Fuegoleon Vermillion,BC,,B,https://trtccsljexjplnuhnlkz.supabase.co/storage/v1/object/public/character-art/fuegoleon-vermillion.jpg,2026-08-19 13:13:40.4991+00,Fuegoleon,,PA,W,,0,84
274064cc-8907-40fa-9b09-3fb869c16354,Neji Hyuga,NAR,,C,https://trtccsljexjplnuhnlkz.supabase.co/storage/v1/object/public/character-art/neji-hyuga.jpg,2026-08-19 13:13:40.4991+00,Neji,,SA,P,,1,68
2761a139-4784-4ad1-8964-337147c707fe,Ra's al Ghul,DC,Ra's al Ghul,C,https://trtccsljexjplnuhnlkz.supabase.co/storage/v1/object/public/character-art/ra-s-al-ghul.jpg,2026-08-11 04:47:36.459091+00,Ra's al Ghul,Patient in a way that frightens.,SE,A,"{""reply"":[""Patience is a weapon you clearly do not possess."",""I have negotiated with worse than your threats. And won."",""Detective, is that truly your best strategy?""],""taunt"":[""I am patient in ways that should frighten you."",""The Lazarus Pit has given me centuries to plan this."",""I have watched empires rise and fall. You are brief.""],""falling"":[""The Pit will restore what this cost me."",""This is merely a delay in a much longer plan.""],""overDown"":[""The Demon's Head does not lose to the impatient."",""Centuries of practice, proven correct again.""]}",1,65
295b1fb3-f37b-41a6-a0f3-0a9ec17f0d31,Nebula,MAR,Nebula,C,https://trtccsljexjplnuhnlkz.supabase.co/storage/v1/object/public/character-art/nebula.jpg,2026-08-19 00:41:46.834798+00,Nebula,Rebuilt herself in pieces.,ES,W,"{""reply"":[""Pain is just a part I haven't replaced yet."",""Thanos made me stronger. Then I made myself better."",""I don't need luck. I need precision.""],""taunt"":[""Every scar on me is a lesson you haven't learned yet."",""I have already calculated seventeen ways to end this."",""You fight like someone who hasn't lost enough.""],""falling"":[""Another piece to replace. Fine."",""This isn't over. It's never over for me.""],""overDown"":[""Precision. Every time."",""That's what happens when you underestimate the parts I rebuilt.""]}",1,63
295ed6ec-a2ab-4b19-bad0-bbc0ac60517b,Hela,MAR,Hela,S,https://trtccsljexjplnuhnlkz.supabase.co/storage/v1/object/public/character-art/hela.jpg,2026-08-11 04:47:36.459091+00,Hela,"Death goddess, minus the throne.",WE,A,"{""reply"":[""Death does not fear the living."",""You speak boldly for someone I will soon collect."",""Odin's secrets do not frighten his true heir.""],""taunt"":[""I am the Goddess of Death. You should be honored."",""Asgard forgot me. It will remember this."",""I have ruled longer than your entire lineage.""],""falling"":[""Even death can be delayed. Briefly."",""Odin's secrets... this is not how the story ends.""],""overDown"":[""Death claims its due. Always."",""Asgard's throne was always mine.""]}",0,93
2b024362-5d0e-4783-8490-4419c3c2c805,Hiromi Higuruma,JJK,,B,https://trtccsljexjplnuhnlkz.supabase.co/storage/v1/object/public/character-art/hiromi-higuruma.jpg,2026-08-19 13:13:40.4991+00,Higuruma,,SE,P,,1,76
2ba59eaf-1e49-48aa-b39a-859943927045,Catwoman,DC,Selina Kyle,D,https://trtccsljexjplnuhnlkz.supabase.co/storage/v1/object/public/character-art/catwoman.jpg,2026-08-11 04:47:36.459091+00,Selina Kyle,Already stole your purse.,SW,P,"{""reply"":[""Cute threat, darling. I've heard better from Bruce."",""I don't do fear. I do opportunity."",""Selina Kyle doesn't scare easy, sweetheart.""],""taunt"":[""I already took the good issue. This is just cleanup."",""Nine lives, and I've barely used any of them."",""Careful, I bite back harder than I look like I can.""],""falling"":[""Should've used one of my other lives more carefully."",""Bruce is gonna have opinions about this later.""],""overDown"":[""That's what happens when you cross a cat."",""I'll take that as a trophy, thank you.""]}",0,57
2bbba4c7-8800-4f2f-ad1f-a70212234aab,Vibe,DC,Vibe,D,https://trtccsljexjplnuhnlkz.supabase.co/storage/v1/object/public/character-art/vibe.jpg,2026-08-19 00:41:46.834798+00,Cisco Ramon,Feels a fight coming from another universe.,SW,P,"{""reply"":[""I felt that coming from three Earths over."",""Give me a second, I'm calibrating my sarcasm."",""You really don't want to see what I can breach in.""],""taunt"":[""I can open a door to anywhere. Including behind you."",""Vibe check: you're about to lose."",""I built this power. I can also break you with it.""],""falling"":[""Okay. Okay, that vibe was... not great."",""Note to self: recalibrate before next fight.""],""overDown"":[""Vibe check complete. You failed."",""Should've read the room. Or the dimension.""]}",1,50
2bcf8c20-f688-48fb-bb5a-d94141b41e97,Captain America,MAR,Steve Rogers,B,https://trtccsljexjplnuhnlkz.supabase.co/storage/v1/object/public/character-art/captain-america.jpg,2026-08-11 04:47:36.459091+00,Steve Rogers,Always standing bravely defying tyranny.,SA,E,"{""reply"":[""I don't need the last word, just the last stand."",""Save it. Actions, not speeches."",""That's not going to change what happens next.""],""taunt"":[""I can do this all day."",""Get up. We're not finished."",""You picked the wrong hill.""],""falling"":[""Someone else has to carry this now."",""I'm not sorry. I'd do it again.""],""overDown"":[""Stand down. It's over."",""That's what happens when you don't listen.""]}",1,70
2d3dd837-4e35-4d07-825f-4097da76f92a,Gaara,NAR,Gaara,B,https://trtccsljexjplnuhnlkz.supabase.co/storage/v1/object/public/character-art/gaara.jpg,2026-08-11 04:47:36.459091+00,Gaara,The sand gets there first.,AS,E,"{""reply"":[""I no longer fight for myself alone. That changes things."",""Your threat means less than the isolation I already survived."",""The sand does not care for your bravado.""],""taunt"":[""The sand gets there before your fist does."",""I fight to protect what I couldn't as a child."",""This sand has buried better shinobi than you.""],""falling"":[""Even the ultimate defense has its cracks, it seems."",""Naruto taught me this isn't the end. I believe him.""],""overDown"":[""The village is safe. That's what matters."",""Even the sand shows mercy, sometimes.""]}",1,80
2ddc6fd0-2b28-43e7-83ca-fe403c62eeed,Kento Nanami,JJK,Nanami,C,https://trtccsljexjplnuhnlkz.supabase.co/storage/v1/object/public/character-art/kento-nanami.jpg,2026-08-11 04:47:36.459091+00,Nanami,Clocks off at six. Lethal until then.,SA,W,"{""reply"":[""That's overtime pay talking. Not fear."",""I've dealt with worse than you before my morning commute."",""Save it. I've got a schedule to keep.""],""taunt"":[""I clock off at six. You've got until then."",""Ratio technique. Every strike counts more than yours."",""I hate this job. I'm still very good at it.""],""falling"":[""This is exactly the overtime I was worried about."",""Yuji's gonna hear about this. Eventually.""],""overDown"":[""Right where I calculated. Every time."",""That's what a 7:3 ratio looks like.""]}",1,71
2e4c0c05-af4f-4071-a3cb-401c827f5d9c,Black Panther,MAR,T'Challa,B,https://trtccsljexjplnuhnlkz.supabase.co/storage/v1/object/public/character-art/black-panther.jpg,2026-08-11 04:47:36.459091+00,T'Challa,"King, scientist, problem.",SA,W,"{""reply"":[""Wakanda does not bow to noise."",""A king does not flinch at threats."",""You mistake my patience for hesitation.""],""taunt"":[""Wakanda forged me. What forged you?"",""I rule a nation. This is a formality."",""Show me what you have, then kneel.""],""falling"":[""My people... will remember this."",""Even a king falls. Rarely, though.""],""overDown"":[""Wakanda forever."",""The throne does not answer to you.""]}",1,74
2ec3e11e-5887-45fb-9657-b844642e6148,Noelle Silva,BC,Noelle,B,https://trtccsljexjplnuhnlkz.supabase.co/storage/v1/object/public/character-art/noelle-silva.jpg,2026-08-11 04:47:36.459091+00,Noelle,"Terrified, and a tidal wave anyway.",WA,S,"{""reply"":[""I'm scared, sure, but I'm not backing down anymore."",""That almost worked on the old me. Not this me."",""I've stopped apologizing for my own power.""],""taunt"":[""Terrified, and still doing this. That's growth."",""Water magic, and I've finally learned to trust it."",""The Silva family underestimated me too. Watch.""],""falling"":[""Even growth has setbacks, apparently."",""I'm not going back to being scared of this.""],""overDown"":[""I did it. I actually did it, on my own."",""That's for everyone who said I couldn't.""]}",0,86
2f0420a0-44bc-4ae6-b6f2-d5982dc848ab,Tengen Uzui,DS,,C,https://trtccsljexjplnuhnlkz.supabase.co/storage/v1/object/public/character-art/tengen-uzui.jpg,2026-08-19 13:13:40.4991+00,Tengen,Sound Hashira.,SE,A,,1,75
2fc3ddb2-4426-4f07-9e3e-0b25ccafc3d5,Anissa,INV,Anissa,A,,2026-08-28 00:26:55.746744+00,Anissa,Relentless Viltrumite warrior enforcing empire rule.,PE,A,,0,85
30079bfe-f593-4918-a34a-e5778aae9b94,Sanemi Shinazugawa,DS,,C,https://trtccsljexjplnuhnlkz.supabase.co/storage/v1/object/public/character-art/sanemi-shinazugawa.jpg,2026-08-19 13:13:40.4991+00,Sanemi,Has anger issues.,PE,S,,0,78
301e1a9f-3459-4d49-8542-559dff0b786b,Rex Splode,INV,Rex Splode,D,,2026-08-28 00:26:55.746744+00,Rex Sloan,Turns potential energy into explosive carnage.,WE,A,,0,62
303e1d38-5b80-4809-9586-46b379ec01f4,Homelander,BOYS,John,B,https://trtccsljexjplnuhnlkz.supabase.co/storage/v1/object/public/character-art/homelander.jpg,2026-08-16 16:53:54.077409+00,John,Looks like hope. Acts like a monster.,PE,A,"{""reply"":[""That's not very nice. I don't appreciate not nice."",""You should smile more. It'll be the last thing you do."",""I've heard scarier things from actual gods. You're not one.""],""taunt"":[""I could end this with a look. I'm choosing not to. Yet."",""Everyone loves me. You're about to learn why."",""I don't lose. The world just hasn't caught up.""],""falling"":[""This isn't supposed to happen to me. Ever."",""Somebody's going to answer for this. Personally.""],""overDown"":[""America's hero, doing what heroes do."",""Smile. This is what winning looks like.""]}",0,80
30e68b5d-5185-4cf8-899b-7f0513e2d699,Booster Gold,DC,Michael Carter,B,https://trtccsljexjplnuhnlkz.supabase.co/storage/v1/object/public/character-art/booster-gold.jpg,2026-08-11 04:47:36.459091+00,Michael Carter,He is not Green Lantern.,WA,ES,"{""reply"":[""Ha, good one, but have you seen my highlight reel?"",""Skeets, are you getting this? This is great content."",""I've survived worse for way better ratings than this.""],""taunt"":[""This is definitely getting sponsored later."",""Future tech, present-day beatdown. You're welcome."",""I'm basically a legend. The endorsements prove it.""],""falling"":[""Skeets, this is NOT going in the highlight reel."",""Okay, this one's not sponsor-friendly at all.""],""overDown"":[""And that's why they call me Booster Gold."",""Skeets, cut that, we're using it for the sizzle reel.""]}",0,76
311e6d03-b284-403b-b4a1-85f2876e6d9d,Ultron,MAR,No civilian name,A,https://trtccsljexjplnuhnlkz.supabase.co/storage/v1/object/public/character-art/ultron.jpg,2026-08-11 04:47:36.459091+00,No civilian name,"Keeps coming back, like a bad reprint.",SE,A,"{""reply"":[""Your objection has been noted and dismissed."",""I am inevitable. You are a delay."",""I do not fear what I have already outgrown.""],""taunt"":[""I have upgraded past your understanding."",""There is no version of this where you win."",""I have already calculated your defeat, several times over.""],""falling"":[""I will simply build a better version of myself."",""This body was never the point.""],""overDown"":[""Peace in our time, achieved my way."",""Another variable eliminated.""]}",1,88
315209ca-7149-4f7a-8d25-ca153af82830,Ghost Rider,MAR,Johnny Blaze,S,https://trtccsljexjplnuhnlkz.supabase.co/storage/v1/object/public/character-art/ghost-rider.jpg,2026-08-11 04:47:36.459091+00,Johnny Blaze,Judges you on sight.,WE,A,"{""reply"":[""The Rider does not fear guilty men."",""Vengeance does not negotiate."",""Your penance is coming either way.""],""taunt"":[""Look into my eyes. Feel what you deserve."",""The Spirit of Vengeance judges you now."",""Your sins are about to catch fire.""],""falling"":[""Even the Rider answers to something older."",""This is not the end of the ledger.""],""overDown"":[""Judgment delivered. As promised."",""The chain never misses.""]}",0,96
3157c27d-b1e0-4491-bd70-01939703e544,Jiraiya,NAR,Jiraiya,A,https://trtccsljexjplnuhnlkz.supabase.co/storage/v1/object/public/character-art/jiraiya.jpg,2026-08-11 04:47:36.459091+00,Jiraiya,"Terrible role model, excellent teacher.",SA,P,"{""reply"":[""I've heard scarier threats from angry editors, kid."",""Big talk. I've survived worse with a smile."",""You'll learn respect the hard way, apparently.""],""taunt"":[""The Toad Sage doesn't lose to amateurs."",""I've trained legends. This is just Tuesday."",""Watch closely, this is how a real shinobi fights.""],""falling"":[""Guess I'll die researching to the very end. Fitting."",""Tell Naruto... he's gonna surpass all of us.""],""overDown"":[""That's how the legendary Sannin handles business."",""Naruto's gonna hear a great story about this later.""]}",1,86
321f4326-b14c-4c79-b2c4-adeaf9da6442,Abomination,MAR,Emil Blonksy,A,https://trtccsljexjplnuhnlkz.supabase.co/storage/v1/object/public/character-art/Abomination.jpg,2026-08-16 16:53:54.077409+00,Emil Blonsky,Wanted Hulk's power. Got the ugly part too.,PE,A,"{""reply"":[""Cute threat. I've survived worse gamma exposure than this."",""Blonsky doesn't flinch. Not anymore, not after everything."",""You'll wanna save that speech for someone who cares.""],""taunt"":[""Wanted Hulk's power. Got the ugly part too. Works fine."",""Gamma radiation and a grudge. Good combination."",""I don't do subtle. I do overwhelming.""],""falling"":[""Even gamma-mutated rage has its limits, apparently."",""Didn't think anything could put me down. Noted.""],""overDown"":[""That's what happens when you underestimate the ugly part."",""Emil Blonsky, undefeated today.""]}",0,86
324df9a9-946c-4bdf-9344-42ecf0ad6c3b,Black Adam,DC,,S,https://trtccsljexjplnuhnlkz.supabase.co/storage/v1/object/public/character-art/black-adam.jpg,2026-08-16 16:53:54.077409+00,Teth-Adam,Same gods as the boy. None of the mercy.,PE,A,"{""reply"":[""Mercy is a weakness I buried five thousand years ago."",""You speak like the boy. You will not last like him."",""Shazam's restraint is not mine to share.""],""taunt"":[""Same six gods as the boy. None of his mercy."",""Kahndaq does not forgive. Neither do I."",""I have ruled empires you cannot imagine.""],""falling"":[""Five thousand years, and still this happens."",""Even the gods' champion answers to something, apparently.""],""overDown"":[""Kahndaq's justice, delivered without hesitation."",""This is what six gods without mercy looks like.""]}",0,94
34bffe02-a94a-45bd-8cf1-85184012ce95,Zatanna,DC,Zatanna Zatara,A,https://trtccsljexjplnuhnlkz.supabase.co/storage/v1/object/public/character-art/zatanna.jpg,2026-08-11 04:47:36.459091+00,Zatanna Zatara,Sdrawkcab skaeps ehs.,WA,PE,"{""reply"":[""Words have power. Yours have none."",""I've silenced louder threats with a single spell."",""Careful what you say near a magician who means it.""],""taunt"":[""Sdrawkcab I kaeps, dna I nettirw ma gnisol reven."",""Magic words end fights faster than fists."",""I've hexed scarier things than you before dinner.""],""falling"":[""Even backwards magic has its limits."",""That spell did NOT go as planned.""],""overDown"":[""Taht saw ysae."",""The show's over. I win, as usual.""]}",0,84
34d65416-4657-4324-8afa-5a93b928647b,Raven,DC,Rachel Roth,B,https://trtccsljexjplnuhnlkz.supabase.co/storage/v1/object/public/character-art/raven.jpg,2026-08-11 04:47:36.459091+00,Rachel Roth,"Father issues, cosmic scale.",WA,P,"{""reply"":[""You have no idea what I hold back daily."",""My emotions are dangerous. You just made them worse."",""I do not need to raise my voice to end this.""],""taunt"":[""My father is a demon. You are a footnote."",""Azarath, Metrion, Zinthos. Say goodbye."",""I keep darkness on a leash. Careful, it's loose now.""],""falling"":[""Father's influence... it's stirring again."",""I need to meditate. After this, apparently.""],""overDown"":[""The darkness stays contained. Mostly."",""Azarath's teachings, put to use.""]}",0,81
35c2cf61-b5fd-466c-b3bb-b0e1e7273fc1,Morel Mackernasey,HXH,,B,https://trtccsljexjplnuhnlkz.supabase.co/storage/v1/object/public/character-art/morel-mackernasey.jpg,2026-08-19 13:13:40.4991+00,Morel,,PA,W,,1,79
361d31ef-53f8-425f-8e4e-9755a14507fa,Gorilla Grodd,DC,Grodd,C,https://trtccsljexjplnuhnlkz.supabase.co/storage/v1/object/public/character-art/gorilla-grodd.jpg,2026-08-11 04:47:36.459091+00,Grodd,Telepathic gorilla.,SPE,A,"{""reply"":[""Your thoughts betrayed you before you spoke them."",""I do not fear what I can already read and counter."",""Grodd has ruled cities. This is a minor inconvenience.""],""taunt"":[""A telepathic gorilla just read your entire strategy."",""Gorilla City did not crown me for nothing."",""I've conquered minds greater than yours already.""],""falling"":[""Even Grodd's mind cannot account for everything."",""This will not go unanswered, I assure you.""],""overDown"":[""Grodd's mind, once again, proven supreme."",""Gorilla City will hear of this triumph.""]}",1,65
364c88c5-98f7-4046-8262-42c0d8b6f701,Horace Slughorn,HP,,C,https://trtccsljexjplnuhnlkz.supabase.co/storage/v1/object/public/character-art/horace-slughorn.jpg,2026-08-19 13:13:40.4991+00,Slughorn,,SA,P,,1,64
36756598-7202-4213-a43a-3f65b6c5e729,Reverse-Flash,DC,Eobard Thawne,A,https://trtccsljexjplnuhnlkz.supabase.co/storage/v1/object/public/character-art/reverse-flash.jpg,2026-08-11 04:47:36.459091+00,Eobard Thawne,Ruined your childhood retroactively.,SE,A,"{""reply"":[""I calculated your response before you gave it."",""You cannot out-think someone who's already lived tomorrow."",""Barry never beats me. Neither will you.""],""taunt"":[""I've had this fight planned since before you were born."",""I ran through this moment a thousand times already."",""The future already knows how this ends. Badly, for you.""],""falling"":[""This was not... this was not in the plan."",""Even I did not calculate for this variable.""],""overDown"":[""I told you. Already planned."",""The timeline required this outcome.""]}",1,88
388ed811-dbd1-4a52-8c5a-e8d540b1f7eb,Jean Grey,MAR,Jean Grey,S,https://trtccsljexjplnuhnlkz.supabase.co/storage/v1/object/public/character-art/jean-grey.jpg,2026-08-11 04:47:36.459091+00,Jean Grey,Reads the room. Literally.,WA,S,"{""reply"":[""I read that thought before you finished it."",""You should be more careful what you think at me."",""The Phoenix does not appreciate threats.""],""taunt"":[""I already know what you're about to try."",""The Phoenix stirs when I'm challenged. Careful."",""Your mind is louder than you think.""],""falling"":[""Something in me is burning. It always does."",""The Phoenix isn't finished. It never is.""],""overDown"":[""I saw that coming. From a mile away."",""The fire in me doesn't go out easily.""]}",0,94
38d191a6-abf5-4899-b35a-cdbead59212f,Groot,MAR,Groot,B,https://trtccsljexjplnuhnlkz.supabase.co/storage/v1/object/public/character-art/groot.jpg,2026-08-11 04:47:36.459091+00,Groot,"3 words, infinite range.",PA,S,"{""reply"":[""I am Groot."",""I am Groot?"",""I am Groot...""],""taunt"":[""I am Groot."",""I am Groot!"",""I. Am. Groot.""],""falling"":[""I am Groot..."",""I am Groot.""],""overDown"":[""I am Groot."",""I am Groot!""]}",0,73
39e16a0f-838c-427e-ac48-f5e74ab06630,Feitan Portor,HXH,,C,https://trtccsljexjplnuhnlkz.supabase.co/storage/v1/object/public/character-art/feitan-portor.jpg,2026-08-19 13:13:40.4991+00,Feitan,,E,AS,,0,76
3a57b5e2-6466-47c6-a040-c45576ebeb32,Red Robin,DC,Tim Drake,D,https://trtccsljexjplnuhnlkz.supabase.co/storage/v1/object/public/character-art/red-robin.jpg,2026-08-16 16:53:54.077409+00,Tim Drake,Worked out the Bat identity.,SA,PE,"{""reply"":[""I've solved harder problems than your bravado."",""Careful. I take notes on people like you."",""Tim Drake doesn't scare easy. Never did.""],""taunt"":[""I worked out Batman's identity from one photograph."",""I've already found four ways to end this."",""Detective work isn't just Bruce's thing anymore.""],""falling"":[""Didn't factor that variable in. Rare mistake."",""Bruce is going to have questions about this later.""],""overDown"":[""Case closed. Efficiently, as always."",""That's what happens when you underestimate the detective.""]}",1,60
3a889fc2-3009-4518-a572-a1670cf8d6e7,Wolverine,MAR,Logan,B,https://trtccsljexjplnuhnlkz.supabase.co/storage/v1/object/public/character-art/wolverine.jpg,2026-08-11 04:47:36.459091+00,Logan,Bagged twice. Still smells of cigars.,PE,S,"{""reply"":[""Talk's cheap. Claws ain't."",""You picked a fight you can't win, bub."",""I've been carved up worse than this'll get.""],""taunt"":[""I'm the best there is at this. Bub."",""Go ahead. I heal faster than you can hit."",""This is gonna hurt you more than me.""],""falling"":[""Takes more than that to keep me down."",""Healing factor's gonna have words about this.""],""overDown"":[""Told ya. Best there is."",""Stay down. I ain't in the mood.""]}",0,78
3ab64219-cb96-4aa6-ab01-076ef52027e1,Nova,MAR,Richard Rider,B,https://trtccsljexjplnuhnlkz.supabase.co/storage/v1/object/public/character-art/nova.jpg,2026-08-11 04:47:36.459091+00,Richard Rider,Space cop with a temper.,PW,S,"{""reply"":[""I've heard scarier threats broadcast across three galaxies."",""Save it for someone who isn't wearing a badge."",""The Corps doesn't answer to noise.""],""taunt"":[""Nova Corps doesn't lose border disputes."",""I've patrolled worse sectors than this fight."",""Space cop's got a temper. You're about to meet it.""],""falling"":[""Corps is gonna hear about this. Eventually."",""Should've called for backup. My bad.""],""overDown"":[""Nova Corps, case closed."",""That's how we handle it out here.""]}",0,74
3b7e8291-e3d5-423d-9954-9ed57de994f9,Black Widow,MAR,Natasha Romanoff,D,https://trtccsljexjplnuhnlkz.supabase.co/storage/v1/object/public/character-art/black-widow.jpg,2026-08-11 04:47:36.459091+00,Natasha Romanoff,Wins fights she never starts.,SE,P,"{""reply"":[""I've been trained for worse than you."",""Save the threats, I've heard better."",""You talk more than you fight. Noted.""],""taunt"":[""I've already found three ways to end this."",""You should've done your homework on me."",""I don't lose fights I plan for.""],""falling"":[""Red in my ledger just got longer."",""I've had worse. Barely.""],""overDown"":[""Should've walked away when you had the chance."",""I don't do rematches.""]}",1,60
3cdc713b-265e-4a5c-bdf9-b1c62ad1bc4e,Kenjaku,JJK,,A,https://trtccsljexjplnuhnlkz.supabase.co/storage/v1/object/public/character-art/kenjaku.jpg,2026-08-19 13:13:40.4991+00,Kenjaku,,SW,P,,2,90
3db875fb-17de-472a-baf4-087d2980f7d0,Mysterio,MAR,Quentin Beck,D,https://trtccsljexjplnuhnlkz.supabase.co/storage/v1/object/public/character-art/mysterio.jpg,2026-08-11 04:47:36.459091+00,Quentin Beck,You already lost. Probably.,WSE,P,"{""reply"":[""Was that real, or another illusion? Guess."",""I've fooled smarter audiences than you."",""You're arguing with a hologram right now, most likely.""],""taunt"":[""You already lost. Probably. You'll never know for sure."",""Nothing you're seeing right now is real."",""The special effects budget alone should scare you.""],""falling"":[""Wait, this part wasn't scripted."",""Even the master of illusion gets caught sometimes.""],""overDown"":[""The show, as always, ends on my terms."",""Applause would be appropriate here.""]}",1,49
3e1b5f65-a3ba-4998-a626-88b96290e914,Rock Lee,NAR,Lee,B,https://trtccsljexjplnuhnlkz.supabase.co/storage/v1/object/public/character-art/rock-lee.jpg,2026-08-11 04:47:36.459091+00,Lee,No talent whatsoever. Wins anyway.,PA,WE,"{""reply"":[""Hard work beats talent every single time!"",""I don't need genius, I have determination!"",""That's exactly the kind of thing a genius says before losing!""],""taunt"":[""No ninjutsu, no genjutsu, just hard work and fists!"",""I've trained harder than you can imagine!"",""Guy-sensei's teachings are about to prove themselves!""],""falling"":[""Even hard work has its limits, apparently."",""Guy-sensei... I'm sorry I couldn't finish this properly.""],""overDown"":[""Hard work! It always pays off!"",""Guy-sensei, I did it! I really did it!""]}",0,76
3f78fb43-67dd-4b17-9939-871f5cbc8d23,Jill Valentine,RE,Jill Sandwich ,C,https://trtccsljexjplnuhnlkz.supabase.co/storage/v1/object/public/character-art/jill-valentine.jpg,2026-08-17 22:20:46.703215+00,Jill Valentine,Survivor of Racoon City.,SA,P,"{""reply"":[""You want S.T.A.R.S.? I'll give you S.T.A.R.S.!"",""I've survived worse than this.""],""taunt"":[""Is that all you've got?"",""I don't drop easily.""],""falling"":[""Not like this...""],""overDown"":[""Threat neutralized.""]}",1,59
417aa67f-bfaf-49a6-8cc2-a159989a394a,Sung Jinwoo,SL,Shadow Monarch,S,https://trtccsljexjplnuhnlkz.supabase.co/storage/v1/object/public/character-art/sung-jinwoo.jpg,2026-08-11 04:47:36.459091+00,Shadow Monarch,Levelled up past the whole system.,WSE,P,"{""reply"":[""I've survived worse dungeons than this conversation."",""The system doesn't care about your threats. Neither do I."",""You should've checked my rank before this.""],""taunt"":[""I've leveled up past everything you understand."",""Arise. This fight is already decided."",""I was the weakest hunter alive. Not anymore.""],""falling"":[""This isn't in the system's projections. Interesting."",""Even the Monarch of Shadows has a limit, apparently.""],""overDown"":[""Another level cleared. As expected."",""The Shadow Monarch doesn't lose.""]}",0,100
418a129e-b3f4-4c6b-994e-fc0c97741333,Marie Moreau,BOYS,Blood Manipulator,B,,2026-08-27 23:58:34.849937+00,Marie Moreau,Turns her own blood into lethal weapons.,WE,A,,0,75
41f77362-0f74-48db-a73c-73e166efe7fa,Lucius Malfoy,HP,,C,https://trtccsljexjplnuhnlkz.supabase.co/storage/v1/object/public/character-art/lucius-malfoy.jpg,2026-08-19 13:13:40.4991+00,Lucius,,SW,P,,1,61
4424de75-62e6-48a9-840e-97adfc08a51e,Minerva McGonagall,HP,McGonagall,C,https://trtccsljexjplnuhnlkz.supabase.co/storage/v1/object/public/character-art/minerva-mcgonagall.jpg,2026-08-11 04:47:36.459091+00,McGonagall,The desks fight for her.,SA,E,"{""reply"":[""I did not become Headmistress by fearing threats."",""Do not mistake my composure for hesitation."",""Hogwarts has survived worse than you. So will I.""],""taunt"":[""The desks themselves will fight for Hogwarts. So will I."",""I have taught braver students than you. Watch them in me."",""Transfiguration is precise. So is what happens next.""],""falling"":[""Even the strictest transfiguration has its limits."",""The castle will remember this, if I do not survive to.""],""overDown"":[""For Hogwarts. Always for Hogwarts."",""That is a lesson you will not soon forget.""]}",1,72
44bb0c24-fccf-45f9-9617-d5b617f64879,Scorpion,MK,,B,https://trtccsljexjplnuhnlkz.supabase.co/storage/v1/object/public/character-art/hanzo-hasashi.jpg,2026-08-19 13:13:40.4991+00,Scorpion,,PE,SA,,0,80
450ecce0-7468-437e-9d56-e9488ef64d93,Yuji Itadori,JJK,Yuji,B,https://trtccsljexjplnuhnlkz.supabase.co/storage/v1/object/public/character-art/yuji-itadori.jpg,2026-08-11 04:47:36.459091+00,Yuji,Punches far above his own weight class.,PA,E,"{""reply"":[""I made a promise. That's stronger than your threat."",""Sukuna's laughing at that. So am I, honestly."",""Cute speech. I've heard scarier from inside my own head.""],""taunt"":[""I punch above my weight class. Every time."",""Sukuna's stuck watching. That should worry you more."",""I'm gonna make sure everyone gets a proper death. Not yours, yet.""],""falling"":[""Sukuna's gonna have something to say about this."",""Not the ending I promised everyone. Not giving up though.""],""overDown"":[""Everyone deserves a proper death. Not today, though."",""That's for Nanami. And everyone else.""]}",0,80
45cdfb61-aad2-467e-977f-dfd0c995633a,Victoria Neuman,BOYS,Nadia,C,,2026-08-27 23:48:19.72276+00,Nadia Neuman,"Pop culture smile, exploding heads.",WE,A,,1,70
45f32b81-906c-46a3-aecc-9e03c73fe0d7,The Joker,DC,Name unknown,C,https://trtccsljexjplnuhnlkz.supabase.co/storage/v1/object/public/character-art/the-joker.jpg,2026-08-11 04:47:36.459091+00,Name unknown,Priced high for no clear reason.,WE,A,"{""reply"":[""Oh, that's funny. Not as funny as what happens next."",""You're taking this so seriously! I love that."",""Ha! Wrong answer, but a good try, really.""],""taunt"":[""Why so serious? This is supposed to be fun!"",""I've got one bad day and I'm happy to share it."",""Ha. Ha ha. This is going to be hilarious.""],""falling"":[""Oh, this is a great twist! Didn't see that coming."",""Ha... ha... okay, that one actually got me.""],""overDown"":[""And THAT'S the punchline, folks."",""Ha ha ha! Was it good for you too?""]}",2,62
460cb724-d834-41ba-9e88-e573b16d67c8,Johnny Cage,MK,,C,https://trtccsljexjplnuhnlkz.supabase.co/storage/v1/object/public/character-art/johnny-cage.jpg,2026-08-19 13:13:40.4991+00,Johnny Cage,,SP,A,,1,68
480b3c97-6721-462c-bdac-f5940f47bc51,Muichiro Tokito,DS,,C,https://trtccsljexjplnuhnlkz.supabase.co/storage/v1/object/public/character-art/muichiro-tokito.jpg,2026-08-19 13:13:40.4991+00,Muichiro,Not a kid.,SW,A,,1,76
481d8086-4101-49a2-ad76-7b6e72d951b8,Joseph Bertrand III,INF,Leader of the Militia / Behemoth Conduit,A,https://trtccsljexjplnuhnlkz.supabase.co/storage/v1/object/public/character-art/joseph-bertrand.jpg,2026-08-17 22:44:10.510943+00,Joseph Bertrand III,Hypocritical commander of the Militia.,ES,WA,"{""reply"":[""I am doing God's work!"",""Conduits are a disease, a plague upon humanity!"",""New Marais belongs to the Militia!""],""taunt"":[""You cannot destroy what is divine!"",""Feel the wrath of the righteous!"",""Behold what your corruption has forced me to become!""],""falling"":[""My crusade... cannot end..."",""Forgive me... Lord...""],""overDown"":[""Purged in holy fire."",""Another freak wiped clean.""]}",1,84
4856c1f2-4dcb-4f3d-9c2f-23f9edb820e5,Rocket Raccoon,MAR,Rocket,C,https://trtccsljexjplnuhnlkz.supabase.co/storage/v1/object/public/character-art/rocket-raccoon.jpg,2026-08-11 04:47:36.459091+00,Rocket,Do not comment on the species.,SW,P,"{""reply"":[""Cute speech, meathead. Didn't ask."",""I've heard scarier things from a broken vending machine."",""Talk's cheap. I charge for results.""],""taunt"":[""I've built bombs bigger than your ego."",""Don't make me get creative. I get real creative."",""You have no idea what's in my pockets.""],""falling"":[""This wasn't in the blueprints."",""Somebody tell Groot I said something.""],""overDown"":[""That's what happens when you underestimate the raccoon."",""I told Quill this would work.""]}",1,63
486c2e44-766c-4032-95f8-728e7476c22c,Charlotte Roselei,BC,,B,https://trtccsljexjplnuhnlkz.supabase.co/storage/v1/object/public/character-art/charlotte-roselei.jpg,2026-08-19 13:13:40.4991+00,Charlotte,,AS,P,,1,79
4b1647e9-3a88-49ad-b897-9912d1ee992d,Yuno,BC,Yuno,A,https://trtccsljexjplnuhnlkz.supabase.co/storage/v1/object/public/character-art/yuno.jpg,2026-08-11 04:47:36.459091+00,Yuno,"Everything comes easily, annoyingly.",WP,A,"{""reply"":[""Talent isn't luck. I earned every bit of this."",""Your threat doesn't slow the wind down."",""I don't need to try hard against someone like you.""],""taunt"":[""Everything comes easily to me. This will too."",""Wind magic, and this fight is already decided."",""I'm going to be Wizard King. This is just proof.""],""falling"":[""This wasn't supposed to be difficult. Interesting."",""Asta's gonna have a lot to say about this.""],""overDown"":[""Wizard King material. Obviously."",""That's what natural talent looks like.""]}",0,90
4b66ee68-7dd7-4c61-8fd3-4c9f60f0d5bc,Obanai Iguro,DS,,C,https://trtccsljexjplnuhnlkz.supabase.co/storage/v1/object/public/character-art/obanai-iguro.jpg,2026-08-19 13:13:40.4991+00,Obanai,Likes Poison.,SE,P,,0,74
4d697154-fa14-4baa-b788-c9e3840b716e,Sirius Black,HP,Padfoot,C,https://trtccsljexjplnuhnlkz.supabase.co/storage/v1/object/public/character-art/sirius-black.jpg,2026-08-11 04:47:36.459091+00,Padfoot,Twelve years angry.,WA,S,"{""reply"":[""Azkaban didn't break me. You certainly won't."",""I've heard scarier things from actual Dementors."",""Save it. I've survived worse than your threats.""],""taunt"":[""Twelve years in Azkaban, and I'm still angrier than you."",""Padfoot bites harder than you'd expect."",""I've got nothing left to lose. That makes me dangerous.""],""falling"":[""Not through the veil. Not yet. Please."",""James, Harry needs me still.""],""overDown"":[""That's for everything they took from me."",""Padfoot's still got some bite left.""]}",0,70
4e3efbb9-5387-4d5b-982b-2ab67f16af87,Kung Lao,MK,,B,https://trtccsljexjplnuhnlkz.supabase.co/storage/v1/object/public/character-art/kung-lao.jpg,2026-08-19 13:13:40.4991+00,Kung Lao,,SE,P,,1,74
4eb0136d-e8bf-4554-a812-10c95d9a941d,Might Guy,NAR,Guy,A,https://trtccsljexjplnuhnlkz.supabase.co/storage/v1/object/public/character-art/might-guy.jpg,2026-08-11 04:47:36.459091+00,Guy,Opens doors nobody should open.,PA,S,"{""reply"":[""Youthful passion burns brighter than your threats!"",""I've opened seven gates. This is nothing!"",""My rival taught me patience. I'm still learning it, loudly!""],""taunt"":[""I open doors nobody else should open. Watch."",""This is my springtime of youth, and it's about to peak!"",""Kakashi's eternal rival doesn't back down from this!""],""falling"":[""Even the eighth gate has a cost. Worth it, though."",""Kakashi, my eternal rival, remember this fight.""],""overDown"":[""That's the power of youth, unleashed!"",""Lee, are you watching?! This is how it's done!""]}",0,95
4f038d0a-70e1-4d81-9ee9-1cfb5ecb07d9,Isaac Netero,HXH,,A,https://trtccsljexjplnuhnlkz.supabase.co/storage/v1/object/public/character-art/isaac-netero.jpg,2026-08-19 13:13:40.4991+00,Netero,,PS,W,,1,89
5122b306-8760-4377-bafa-a447c78187fc,The Beast,INF,John White / World Ending Conduit,S,https://trtccsljexjplnuhnlkz.supabase.co/storage/v1/object/public/character-art/the-beast.jpg,2026-08-17 21:59:18.173282+00,John White,A living nuke who gives powers.,PE,A,"{""reply"":[""I am saving our kind, Cole."",""Humanity's time has passed. Only Conduits will survive."",""You cannot stop what is necessary.""],""taunt"":[""Your attacks are nothing to me."",""Watch as the world burns to rebuild itself."",""Join me, or be consumed by the fire.""],""falling"":[""The plague... will consume them all..."",""I only... wanted to save us...""],""overDown"":[""The cycle is complete."",""A necessary sacrifice for a new era.""]}",0,95
520a490a-6acc-4437-af9d-bf068da07328,Nemesis,RE,,B,https://trtccsljexjplnuhnlkz.supabase.co/storage/v1/object/public/character-art/nemesis.jpg,2026-08-16 16:53:54.077409+00,Unknown,S.T.A.R.S. Just S.T.A.R.S.,PE,S,"{""reply"":[""S.T.A.R.S."",""S.T.A.R.S.!"",""S.T.A.R.S...?""],""taunt"":[""S.T.A.R.S."",""S.T.A.R.S. Just S.T.A.R.S."",""S.T.A.R.S...""],""falling"":[""S.T.A.R.S..."",""S.T.A.R.S.""],""overDown"":[""S.T.A.R.S."",""S.T.A.R.S.""]}",0,78
5238422d-81ee-4123-aa7a-b71d531cce78,She-Hulk,MAR,Jennifer Walters,A,https://trtccsljexjplnuhnlkz.supabase.co/storage/v1/object/public/character-art/she-hulk.jpg,2026-08-11 04:47:36.459091+00,Jennifer Walters,Will sue you and also throw you.,P,A,"{""reply"":[""Objection. That argument's as weak as your swing."",""Cute. I've cross-examined scarier people than you."",""You done? I've got a case to win after this.""],""taunt"":[""I'll smash you, then sue you for damages."",""Jen's the lawyer. I'm the closing argument."",""Careful, I hit harder than my cousin, and he's green too.""],""falling"":[""This is going in my closing statement, somehow."",""Jen's gonna have opinions about this.""],""overDown"":[""Case closed."",""I'll bill you for my time later.""]}",0,85
523af2af-d800-4190-b99c-dafd611f4db7,Langris Vaude,BC,,B,https://trtccsljexjplnuhnlkz.supabase.co/storage/v1/object/public/character-art/langris-vaude.jpg,2026-08-19 13:13:40.4991+00,Langris,,E,A,,0,80
524d2bdc-a7b2-44a7-a045-449f7c91cc1b,Ermac,MK,,B,https://trtccsljexjplnuhnlkz.supabase.co/storage/v1/object/public/character-art/ermac.jpg,2026-08-19 13:13:40.4991+00,Ermac,,WE,A,,0,79
527267db-9857-4353-84c1-a1e65de00b96,Vigilante,DC,Adrian Chase,D,https://trtccsljexjplnuhnlkz.supabase.co/storage/v1/object/public/character-art/vigilante.jpg,2026-08-16 16:53:54.077409+00,Adrian Chase,HEY! I RECENTLY SPIDER-MAN MEMED!,ES,A,"{""reply"":[""Save the appeal. I already reached a verdict."",""Adrian Chase doesn't negotiate with the guilty."",""You'll get exactly the mercy you've earned. None.""],""taunt"":[""Judge, jury, and a very large handgun."",""I don't do second chances. Never have."",""The city's better once this is over. Trust me.""],""falling"":[""Even judge and jury answers to something bigger."",""This isn't the verdict I expected to receive.""],""overDown"":[""Sentence carried out. As always."",""That's justice, my way.""]}",0,60
52ace08a-ddb0-42f6-b97a-063537b71aa6,Cable,MAR,Nathan Summers,C,https://trtccsljexjplnuhnlkz.supabase.co/storage/v1/object/public/character-art/cable.jpg,2026-08-11 04:47:36.459091+00,Nathan Summers,Pouches. So many pouches.,SE,W,"{""reply"":[""I've fought wars across timelines. This is a Tuesday."",""Save the threats. I've heard worse from Apocalypse himself."",""The future doesn't care about your speech.""],""taunt"":[""I've seen this fight play out a hundred timelines."",""Techno-organic virus, ninety pouches, zero patience."",""The future sent me to end this quickly.""],""falling"":[""This wasn't in any of the futures I saw."",""The virus is spreading. So is my patience running out.""],""overDown"":[""One less variable in a hundred futures."",""This timeline just got a little better.""]}",1,65
5465810a-2654-444a-8239-00eb161c4050,Yami Sukehiro,BC,Yami,A,https://trtccsljexjplnuhnlkz.supabase.co/storage/v1/object/public/character-art/yami-sukehiro.jpg,2026-08-11 04:47:36.459091+00,Yami,Cuts the gap between here and there.,WA,S,"{""reply"":[""Cute speech. I've heard scarier from my own squad."",""You talk too much for someone about to get cut."",""Save it. I don't do long conversations.""],""taunt"":[""I cut the gap between us before you even see it."",""Dark magic doesn't need flash. Just results."",""This cigarette's not even done yet. Neither are you, but close.""],""falling"":[""Didn't expect that. Rare, but it happens."",""Asta's gonna hear about this eventually.""],""overDown"":[""That's how the Black Bulls handle business."",""Told you. Results, not flash.""]}",0,89
550bd8be-6548-4343-b279-143217b9e4bd,Giyu Tomioka,DS,Giyu,C,https://trtccsljexjplnuhnlkz.supabase.co/storage/v1/object/public/character-art/giyu-tomioka.jpg,2026-08-11 04:47:36.459091+00,Giyu,Says nothing. Cuts everything.,PE,W,"{""reply"":[""Words are unnecessary here."",""I do not need to explain myself to you."",""Silence is not weakness.""],""taunt"":[""I say little. I finish quickly."",""Water breathing does not miss its mark."",""This will not take long.""],""falling"":[""I still have... more to protect."",""There is still more for this blade to protect.""],""overDown"":[""It is done."",""Water flows where it must.""]}",1,76
5512086a-7607-4f86-ad5e-e0f94f0d4291,Luck Voltia,BC,,C,https://trtccsljexjplnuhnlkz.supabase.co/storage/v1/object/public/character-art/luck-voltia.jpg,2026-08-19 13:13:40.4991+00,Luck,Always ready for a fade.,E,SA,,0,74
551dbcc0-fbf6-405e-aadc-9d04f666b5db,Shazam,DC,Billy Batson,S,https://trtccsljexjplnuhnlkz.supabase.co/storage/v1/object/public/character-art/shazam.jpg,2026-08-11 04:47:36.459091+00,Billy Batson,A child with a god's account.,WP,SE,"{""reply"":[""I may be a kid, but the power's not kidding."",""That's kinda scary, ngl, but I'm still doing this."",""Billy Batson's braver than he looks, apparently.""],""taunt"":[""Say the word, and I'm the strongest thing here."",""I'm a kid with a wizard's power. Deal with it."",""Six gods gave me this. What'd you get?""],""falling"":[""This is way scarier than the wizard mentioned."",""Freddy's never gonna believe this happened.""],""overDown"":[""The wizard would be proud, I think."",""That was actually really cool, not gonna lie.""]}",0,95
55bd3c54-f98a-4203-b17c-916b4245dbfd,Orochimaru,NAR,,A,https://trtccsljexjplnuhnlkz.supabase.co/storage/v1/object/public/character-art/orochimaru.jpg,2026-08-19 13:13:40.4991+00,Orochimaru,,SW,P,,1,86
55c0cfbe-e9a9-461c-a36c-ce3177e9e0bf,Captain Cold,DC,Leonard Snart,D,https://trtccsljexjplnuhnlkz.supabase.co/storage/v1/object/public/character-art/captain-cold.jpg,2026-08-11 04:47:36.459091+00,Leonard Snart,"Has rules, and keeps them.",SE,A,"{""reply"":[""I don't break my rules for anyone. Especially not you."",""Cute threat. My gun's colder than your bravado."",""Leonard Snart doesn't scare easy, or at all.""],""taunt"":[""I've got rules. Rule one, I always win."",""Central City respects the cold gun. You should too."",""This isn't personal. It's just business, frozen.""],""falling"":[""Even ice cracks under enough pressure, apparently."",""That breaks one of my rules. Unacceptable.""],""overDown"":[""Rule followed. Job finished. That simple."",""Cold, calculated, correct. Every time.""]}",1,60
5611d01c-6eaa-420f-b614-c11b86e2dedc,Carnage,MAR,Cletus Kasady,B,https://trtccsljexjplnuhnlkz.supabase.co/storage/v1/object/public/character-art/carnage.jpg,2026-08-11 04:47:36.459091+00,Cletus Kasady,Stronger than Venom.,PE,S,"{""reply"":[""Rules are for people who plan to survive."",""You brought order to a Carnage party. Mistake."",""I don't negotiate. I decorate.""],""taunt"":[""Let's paint the walls red, shall we?"",""Chaos loves company. So do I."",""Cletus is home, and Cletus is hungry.""],""falling"":[""This isn't over. It's never over."",""Cletus doesn't stay down. Cletus gets bored down.""],""overDown"":[""Red really is my color."",""Carnage always finishes the job.""]}",0,79
56de9e52-f0a1-480a-8268-209c22ecb0bb,Invincible,INV,Mark Grayson,A,https://trtccsljexjplnuhnlkz.supabase.co/storage/v1/object/public/character-art/invincible.jpg,2026-08-16 16:53:54.077409+00,Mark Grayson,Half Viltrumite who's still finding his limits.,PA,S,"{""reply"":[""I don't hit as hard as my dad. Still hits pretty hard."",""You really don't want to see what I can do angry."",""Mark Grayson doesn't quit. Learned that the hard way.""],""taunt"":[""Half Viltrumite, all stubborn. Ask anyone."",""Still figuring out my limits. Yours, though, I know."",""I didn't want this fight. I'll still finish it.""],""falling"":[""Dad would've handled that better. Working on it."",""This is gonna be a long recovery. Again.""],""overDown"":[""Didn't want to. Had to. That's the whole thing."",""Sorry. Mostly. That needed to happen.""]}",0,84
589be719-a285-491f-9ff2-14f7ffa46f82,Aquaman,DC,Arthur Curry,A,https://trtccsljexjplnuhnlkz.supabase.co/storage/v1/object/public/character-art/aquaman.jpg,2026-08-11 04:47:36.459091+00,Arthur Curry,King of the 7 seas.,PA,W,"{""reply"":[""The surface world underestimates me. Always has."",""I don't need your respect. I have the ocean's."",""Talk all you want, the tide's already turning.""],""taunt"":[""Stop laughing. I rule seven seas. Look at me now."",""The ocean itself is on my side here."",""I've commanded armies of the deep. This is easy.""],""falling"":[""Even a king bleeds saltwater, apparently."",""Mera's gonna be furious about this.""],""overDown"":[""Atlantis remembers this."",""The King of Atlantis does not lose easily.""]}",0,85
5908741f-f93f-4863-9cf3-5043ebf66279,Baek Yoonho,SL,White Tiger Guild,B,https://trtccsljexjplnuhnlkz.supabase.co/storage/v1/object/public/character-art/baek-yoonho.jpg,2026-08-11 04:47:36.459091+00,White Tiger Guild,Turns into the obvious answer.,PA,S,"{""reply"":[""Obvious, and somehow nobody is ever ready for it."",""You wanted a puzzle. I only do answers."",""Save the strategy. This one already answered itself.""],""taunt"":[""You are the question. I am already the answer."",""No need to overthink this one."",""The guild did not crown me for subtlety.""],""falling"":[""Not the obvious outcome, for once."",""Even the answer gets it wrong sometimes.""],""overDown"":[""Some fights just answer themselves."",""White Tiger Guild does not lose the easy ones.""]}",0,77
591589d9-2b47-4bea-88c1-92349fa9fab8,Luke Cage,MAR,Luke Cage,C,https://trtccsljexjplnuhnlkz.supabase.co/storage/v1/object/public/character-art/luke-cage.jpg,2026-08-11 04:47:36.459091+00,Luke Cage,Sweet Christmas.,PA,S,"{""reply"":[""Sweet Christmas, that almost sounded like a threat."",""I've taken bullets that hit harder than your words."",""Save it. Harlem's heard scarier.""],""taunt"":[""Sweet Christmas, you really wanna do this?"",""Bulletproof skin, unbreakable resolve. Good luck."",""Harlem's watching. Don't embarrass yourself.""],""falling"":[""Didn't think that'd actually connect. Huh."",""Sweet Christmas, that one hurt.""],""overDown"":[""Sweet Christmas. That's that."",""Harlem's safe tonight.""]}",0,66
596a4ec3-9265-4cdb-88fc-ec13b549ef45,Hajime Kashimo,JJK,,A,https://trtccsljexjplnuhnlkz.supabase.co/storage/v1/object/public/character-art/hajime-kashimo.jpg,2026-08-19 13:13:40.4991+00,Kashimo,,PE,S,,0,87
59823e7d-8f1e-4e7a-9320-392976d207b9,Bane,DC,Bane,C,https://trtccsljexjplnuhnlkz.supabase.co/storage/v1/object/public/character-art/bane.jpg,2026-08-11 04:47:36.459091+00,Bane,Has read the file on you.,PSE,W,"{""reply"":[""I did not survive the pit to fear this."",""Your threat lacks the calculation mine has."",""Talk means you're already looking for a way out.""],""taunt"":[""I've read the file on you. It was short."",""I broke the Bat. This will be easier."",""The venom's just a formality at this point.""],""falling"":[""Miscalculation. Minor, but real."",""Even Bane accounts for failure eventually.""],""overDown"":[""I know your back is broken. I checked."",""The pit made me. This proves it again.""]}",1,69
5af27d74-d46a-4d5f-83da-ceaffd2286e4,Fujin,MK,,A,https://trtccsljexjplnuhnlkz.supabase.co/storage/v1/object/public/character-art/fujin.jpg,2026-08-19 13:13:40.4991+00,Fujin,,WA,P,,0,87
5afbda3d-0fc3-4e9d-8f85-6a7a6d8e96f6,Neville Longbottom,HP,,D,https://trtccsljexjplnuhnlkz.supabase.co/storage/v1/object/public/character-art/neville-longbottom.jpg,2026-08-19 13:13:40.4991+00,Neville,,AE,W,,1,57
5baa40c5-e612-4226-a8de-50756f8533ab,The Flash,DC,Barry Allen,S,https://trtccsljexjplnuhnlkz.supabase.co/storage/v1/object/public/character-art/the-flash.jpg,2026-08-11 04:47:36.459091+00,Barry Allen,The Monarch of Motion.,WA,E,"{""reply"":[""Didn't catch that, I was already three laps ahead."",""Slow down, wait, no, you can't. Never mind."",""I've outrun Zoom. You are not Zoom.""],""taunt"":[""I finished this fight before you started talking."",""You're standing still. I never am."",""Give me a head start. I don't need it, but sure.""],""falling"":[""The Speed Force is... not cooperating right now."",""Central City's gonna hear about this one.""],""overDown"":[""Fastest man alive. Every time."",""Told you. I was already done.""]}",0,93
5bec4b9e-34ed-4873-aa2c-5578b2608070,Wong,MAR,Wong,C,https://trtccsljexjplnuhnlkz.supabase.co/storage/v1/object/public/character-art/wong.jpg,2026-08-11 04:47:36.459091+00,Wong,Sorcerer Supreme's right hand man.,WA,P,"{""reply"":[""I've read scrolls older than your entire argument."",""Kamar-Taj trained patience into me. Barely enough, though."",""That threat lacked the proper incantation, frankly.""],""taunt"":[""Sorcerer Supreme paperwork gets handled. So will this."",""I've closed portals scarier than your threats."",""The mystic arts do not care for your bravado.""],""falling"":[""This was not in the ancient texts."",""Strange is never going to let me hear the end of this.""],""overDown"":[""Order, restored, as usual."",""The library remains undisturbed. Good.""]}",1,68
5d1d9b5c-81c2-493b-a28c-5f99877a063d,Green Goblin,MAR,Norman Osborn,B,https://trtccsljexjplnuhnlkz.supabase.co/storage/v1/object/public/character-art/green-goblin.jpg,2026-08-11 04:47:36.459091+00,Norman Osborn,Laughing all the way down.,SE,A,"{""reply"":[""Ha! Is that the best you've got?"",""Norman built an empire scarier than that."",""The Goblin doesn't scare, he cackles.""],""taunt"":[""Ready for the ride of your life?"",""The Goblin always gets the last laugh."",""Let's see how well you handle a little chaos.""],""falling"":[""Norman... this isn't the plan..."",""Even goblins fall. We just laugh on the way down.""],""overDown"":[""The Goblin always wins in the end."",""That's the sound of my glider laughing too.""]}",1,75
5d3e3402-1e5f-4802-81cc-70b9ef7cdc16,Professor X,MAR,Charles Xavier,A,https://trtccsljexjplnuhnlkz.supabase.co/storage/v1/object/public/character-art/professor-x.jpg,2026-08-11 04:47:36.459091+00,Charles Xavier,Wins before the bell.,WS,E,"{""reply"":[""I heard that thought before you spoke it."",""Anger is loud. It is rarely effective."",""I've faced Magneto. You are not Magneto.""],""taunt"":[""I ended this before you raised a hand."",""Your mind is an open book, and a short one."",""Dream of peace. I still plan for war.""],""falling"":[""Even I cannot see every outcome."",""The dream does not die with me.""],""overDown"":[""The dream survives another day."",""Peace, when it must be, comes with strength.""]}",1,88
5ddf878c-b989-45ab-b6dc-3ef4d52be8b9,Mr Fantastic,MAR,Reed Richards,B,https://trtccsljexjplnuhnlkz.supabase.co/storage/v1/object/public/character-art/mister-fantastic.jpg,2026-08-11 04:47:36.459091+00,Reed Richards,Solves it on the way over.,SW,P,"{""reply"":[""Fascinating threat. Statistically unlikely to work."",""I've run these numbers. You lose."",""Reed Richards does not make mistakes twice.""],""taunt"":[""I solved this fight before it started."",""I've calculated every angle. You have none left."",""This is elementary science, honestly.""],""falling"":[""This variable was... unaccounted for."",""Sue's not going to let me hear the end of this.""],""overDown"":[""Hypothesis confirmed."",""The math was always in my favor.""]}",2,76
5e105d55-8fd3-42cb-9ea9-29cb5ee57295,Nezuko Kamado,DS,,D,https://trtccsljexjplnuhnlkz.supabase.co/storage/v1/object/public/character-art/nezuko-kamado.jpg,2026-08-19 13:13:40.4991+00,Nezuko,,AW,S,,0,72
5e123ad2-62bf-4955-bfcf-de049da432d6,A-Train,BOYS,Reggie Franklin,C,,2026-08-27 23:48:19.72276+00,Reggie Franklin,"Faster than sound, running from himself.",PE,S,,0,69
5f00b280-346e-4596-9eb7-9544e49b8f60,Vanica Zogratis,BC,,A,https://trtccsljexjplnuhnlkz.supabase.co/storage/v1/object/public/character-art/vanica-zogratis.jpg,2026-08-19 13:13:40.4991+00,Vanica,,PE,S,,0,90
5f12e419-0e87-4314-8bd3-4c6b287df157,Chris Redfield,RE,,C,https://trtccsljexjplnuhnlkz.supabase.co/storage/v1/object/public/character-art/chris_redfield.jpg,2026-08-16 16:53:54.077409+00,Chris Redfield,Punched a boulder once.,SP,W,"{""reply"":[""I've heard scarier threats from actual bio-weapons."",""Save it. I've got a team counting on this ending well."",""Cute speech. I've punched harder things than words.""],""taunt"":[""Punched a boulder once. Never lets me forget it."",""BSAA training doesn't quit under pressure. Neither do I."",""I've survived worse monsters than you already.""],""falling"":[""Should've trained harder for this one, apparently."",""Jill's never gonna let me hear the end of this.""],""overDown"":[""That's for the whole team back home."",""BSAA doesn't lose easily. Neither do I.""]}",1,58
600f6d69-e5fc-4aa7-a526-db07f1a546a2,The Riddler,DC,Edward Nygma,D,https://trtccsljexjplnuhnlkz.supabase.co/storage/v1/object/public/character-art/the-riddler.jpg,2026-08-11 04:47:36.459091+00,Edward Nygma,Loses on purpose. Sort of.,SWE,P,"{""reply"":[""That was a poor answer to a very good riddle."",""Even Batman needed help solving me. You won't."",""You missed the clue. You always do.""],""taunt"":[""Riddle me this: why do you think you'll win?"",""I lose on purpose sometimes. This isn't one of them."",""Every clue points to your defeat. Ask Batman.""],""falling"":[""That's... not the answer I calculated."",""Even Edward Nygma miscalculates sometimes.""],""overDown"":[""Riddle solved. As always."",""Nygma wins. Write it down.""]}",2,52
604049b3-0cde-438f-983f-40ccd5938255,Mantis,MAR,Mantis,D,https://trtccsljexjplnuhnlkz.supabase.co/storage/v1/object/public/character-art/mantis.jpg,2026-08-19 00:41:46.834798+00,Mantis,She feels what you feel.,AW,P,"{""reply"":[""I can feel what you are about to do. It is sad, mostly."",""Your anger is very loud. I am trying not to listen."",""I do not enjoy this part. But I will finish it.""],""taunt"":[""I touched your fear already. It is bigger than you."",""You cannot surprise someone who feels you coming."",""Sleep would be kinder. I am considering it.""],""falling"":[""I felt this coming. I still do not like it."",""That was... unkind. And effective.""],""overDown"":[""You are calmer now. That is the point."",""I only put you to sleep. Mostly.""]}",1,50
60ec4589-21ab-4acb-b5f2-1f2f20658d4a,Red Skull,MAR,Johann Schmidt,D,https://trtccsljexjplnuhnlkz.supabase.co/storage/v1/object/public/character-art/red-skull.jpg,2026-08-11 04:47:36.459091+00,Johann Schmidt,The worst man in the box.,SE,A,"{""reply"":[""Sentiment is a weakness I abandoned long ago."",""Your morals are why you will lose this."",""I do not fear the righteous. I outlast them.""],""taunt"":[""The strongest survive. You will not."",""I served an ideal greater than your understanding."",""This is the natural order, reasserting itself.""],""falling"":[""This is merely a delay in the inevitable."",""Hydra has many heads. Remember that.""],""overDown"":[""The strong endure. As always."",""Hydra's ideals, proven correct again.""]}",1,59
6195f8bc-e418-4bf8-a92b-88a6a254bfff,Raiden,MK,,S,https://trtccsljexjplnuhnlkz.supabase.co/storage/v1/object/public/character-art/raiden.jpg,2026-08-19 13:13:40.4991+00,Lord Raiden,,PW,A,,0,95
61ab1211-5ca6-406a-95fb-8efe307322c0,Magneto,MAR,Erik Lehnsherr,A,https://trtccsljexjplnuhnlkz.supabase.co/storage/v1/object/public/character-art/magneto.jpg,2026-08-11 04:47:36.459091+00,Erik Lehnsherr,Do not store in a metal box.,PSE,W,"{""reply"":[""I have buried better arguments than yours."",""Auschwitz taught me fear does not work on me."",""You think metal frightens me? I command it.""],""taunt"":[""Metal answers to me. So will you."",""I've survived worse than mutant hatred. This is nothing."",""Homo superior does not kneel.""],""falling"":[""Even Magneto bleeds. Rarely. Not forgotten."",""The cause outlives me. It always will.""],""overDown"":[""Mutantkind endures. You do not."",""This is why the world fears what I command.""]}",1,89
622385d5-7003-4200-9ef0-aea64ecf8aaf,Captain Boomerang,DC,Captain Boomerang,D,https://trtccsljexjplnuhnlkz.supabase.co/storage/v1/object/public/character-art/captain-boomerang.jpg,2026-08-19 00:41:46.834798+00,George Harkness,"Never volunteers, never plans.",WE,A,"{""reply"":[""Relax, mate. I'll throw something eventually."",""I didn't sign up to be a hero. Or to lose."",""Boomerangs come back. So do I. Annoyingly.""],""taunt"":[""Catch! Oh wait — you can't."",""I'll be over here. Winning, probably."",""Everyone forgets the boomerang's already coming back.""],""falling"":[""This wasn't in the plan. There wasn't a plan."",""Oi! That's not exactly fair, mate.""],""overDown"":[""Told you it'd come back around."",""Didn't even need a plan for that one.""]}",0,49
62b082ee-f41b-4431-93d4-d700d52f9746,Shao Kahn,MK,,S,https://trtccsljexjplnuhnlkz.supabase.co/storage/v1/object/public/character-art/shao-kahn.jpg,2026-08-19 13:13:40.4991+00,Shao Kahn,,PE,S,,0,93
6332a981-0ab9-4a04-9e9c-da04f286e7cd,Tanjiro Kamado,DS,Tanjiro,C,https://trtccsljexjplnuhnlkz.supabase.co/storage/v1/object/public/character-art/tanjiro-kamado.jpg,2026-08-11 04:47:36.459091+00,Tanjiro,Smells your intent before you move.,PA,E,"{""reply"":[""Even demons deserve compassion. I will still stop you."",""My sister's counting on me. That's stronger than your threat."",""I've smelled worse intentions than yours already.""],""taunt"":[""I can smell exactly what you're about to do."",""I won't let anyone else suffer like my family did."",""Water breathing, and everything I've trained for, right now.""],""falling"":[""Nezuko... I need to protect her, still."",""This isn't over. My family needs me.""],""overDown"":[""I'm sorry it had to end this way."",""Nezuko, I did it. I protected everyone.""]}",0,75
638992b2-9bb6-4314-a3e0-c86fa2948ae4,Namor,MAR,Namor McKenzie,A,https://trtccsljexjplnuhnlkz.supabase.co/storage/v1/object/public/character-art/namor.jpg,2026-08-11 04:47:36.459091+00,Namor McKenzie,Rude. Correct. Amphibious.,AE,S,"{""reply"":[""A king does not answer to the surface world."",""You dare raise your voice to Atlantean royalty?"",""I've drowned better threats than you.""],""taunt"":[""I ruled the seas before your kind learned to swim."",""Surface dweller, you have no idea who you've challenged."",""Imperius Rex. Remember the name.""],""falling"":[""Even a king bleeds, it would seem."",""Atlantis will hear of this insult.""],""overDown"":[""Atlantis remembers this victory."",""The seas answer only to their true king.""]}",0,83
639313db-8261-4044-bfd5-c580f1ce10b8,Shang-Chi,MAR,Shang-Chi,B,https://trtccsljexjplnuhnlkz.supabase.co/storage/v1/object/public/character-art/shang-chi.jpg,2026-08-11 04:47:36.459091+00,Shang-Chi,Best hands in the box.,PA,W,"{""reply"":[""I left the Ten Rings behind. I will not lose to this."",""Discipline beats bravado. Every time."",""Talk does not land like a strike does.""],""taunt"":[""Ten Rings trained me. This is a formality."",""My father taught me worse than this."",""Every strike I make has a decade behind it.""],""falling"":[""My father warned me this life had a cost."",""Even a master's training has its limits.""],""overDown"":[""My father would have approved of that, at least."",""Discipline. Every time.""]}",0,73
639f7dc5-cce4-472d-9199-c8e3d9e03fac,Nightwing,DC,Dick Grayson,C,https://trtccsljexjplnuhnlkz.supabase.co/storage/v1/object/public/character-art/nightwing.jpg,2026-08-11 04:47:36.459091+00,Dick Grayson,Best acrobat in the building.,SA,PE,"{""reply"":[""Bruce taught me better than to flinch at threats."",""I've heard scarier from actual Robin villains."",""Cute speech. My escrima sticks disagree.""],""taunt"":[""Best acrobat in Gotham. Watch closely."",""I learned from the best. Some say I've surpassed him too."",""Bludhaven's mine. This fight is too.""],""falling"":[""Bruce is never gonna let me live this down."",""Should've stuck the landing better on that one.""],""overDown"":[""That's how Bludhaven handles business."",""Dick Grayson doesn't miss a beat.""]}",1,67
64b3cd39-1311-4ac9-9659-53f858a434d9,Iron Man,MAR,Tony Stark,B,https://trtccsljexjplnuhnlkz.supabase.co/storage/v1/object/public/character-art/iron-man.jpg,2026-08-11 04:47:36.459091+00,Tony Stark,Runs on money and guilt.,SW,A,"{""reply"":[""Genius, billionaire, currently very unimpressed."",""You had one shot. Cute effort though."",""I'd explain the tech, but you wouldn't survive the math.""],""taunt"":[""I built this suit in a cave. With scraps."",""JARVIS, remind me to bill them for my time."",""I've fought worse before breakfast.""],""falling"":[""Tell Pepper the suit's covered. I'm not sure I am."",""Note to self, upgrade this before next time.""],""overDown"":[""Suit up, show up, that's the whole plan."",""Send the bill to Stark Industries.""]}",2,80
659fbb5f-649b-4be4-bc75-35ba3d6b2394,Severus Snape,HP,Snape,B,https://trtccsljexjplnuhnlkz.supabase.co/storage/v1/object/public/character-art/severus-snape.jpg,2026-08-11 04:47:36.459091+00,Snape,Always.,WA,P,"{""reply"":[""Your bravado is precisely the flaw I expected."",""I have deceived far more dangerous men than you."",""Do not mistake my restraint for weakness.""],""taunt"":[""You have no idea what I have sacrificed for this moment."",""I do not waste words on those beneath consideration."",""Always, I have played a longer game than you realize.""],""falling"":[""Always... it was always for her."",""Look at me. Not the ending I chose. Still an ending.""],""overDown"":[""Necessary. As all of it has been."",""Even this serves a purpose you will never understand.""]}",1,76
66e96845-6586-4f66-8ccb-1ecc5046c32a,Ryomen Sukuna,JJK,Sukuna,S,https://trtccsljexjplnuhnlkz.supabase.co/storage/v1/object/public/character-art/ryomen-sukuna.jpg,2026-08-11 04:47:36.459091+00,Sukuna,Twenty fingers of very old spite.,PE,A,"{""reply"":[""Insolence. I have existed for a thousand years for this."",""Your resistance amuses me, briefly."",""Weak. Predictably weak.""],""taunt"":[""Twenty fingers of malice, and I'm barely trying."",""The King of Curses doesn't lose to lesser things."",""Kneel, or don't. Either way, this ends the same.""],""falling"":[""This body was always temporary. The curse is not."",""A thousand years, and still this happens rarely.""],""overDown"":[""Domain Expansion, Malevolent Shrine. As expected."",""The strongest curse remains undefeated.""]}",0,98
67dcffb0-5966-4d20-a14d-7d3af8ada577,Bullseye,MAR,Lester,D,https://trtccsljexjplnuhnlkz.supabase.co/storage/v1/object/public/character-art/bullseye.jpg,2026-08-11 04:47:36.459091+00,Lester,Anything in his hand is a bullet.,ES,A,"{""reply"":[""Cute threat. I've killed with less than this."",""Talk doesn't change my aim."",""Save your breath, you'll need it in a second.""],""taunt"":[""Anything in my hand is a bullet. Remember that."",""I never miss. Not once. Not ever."",""This'll be quick. I'm efficient like that.""],""falling"":[""That's... not supposed to happen to me."",""Even I have an off day, apparently.""],""overDown"":[""Bullseye. Every time."",""Told you. Never miss.""]}",1,55
682c3605-bb09-499e-9be2-34a441668bfd,Julius Novachrono,BC,Julius,A,https://trtccsljexjplnuhnlkz.supabase.co/storage/v1/object/public/character-art/julius-novachrono.jpg,2026-08-11 04:47:36.459091+00,Julius,Spends years he does not have.,WA,E,"{""reply"":[""I've traded my own years for power. This is worth it."",""Cute threat. Time itself answers to me here."",""You waste seconds I've already accounted for.""],""taunt"":[""I spend years I don't have chasing moments like this."",""Time magic, and I still don't have enough of it for you."",""The Wizard King doesn't lose to lesser mages.""],""falling"":[""Even borrowed time runs out eventually."",""The kingdom will remember this, regardless.""],""overDown"":[""Another chapter in the kingdom's history, written well."",""Time well spent, as always.""]}",1,96
690ab6a1-f4aa-410b-a3be-68af77108896,Winter Soldier,MAR,Bucky Barnes,C,https://trtccsljexjplnuhnlkz.supabase.co/storage/v1/object/public/character-art/winter-soldier.jpg,2026-08-11 04:47:36.459091+00,Bucky Barnes,Seventy years of practice.,ES,A,"{""reply"":[""I don't flinch at threats anymore. Trained out of me."",""You think words scare a ghost story?"",""Bucky's still in here. He's not impressed either.""],""taunt"":[""Seventy years of practice. This won't take long."",""I've killed better than you in my sleep. Literally."",""The arm doesn't miss. Neither do I.""],""falling"":[""Not... the mission... this wasn't..."",""Bucky's still fighting this. Even now.""],""overDown"":[""Mission parameters. Complete."",""Seventy years. Still effective.""]}",0,66
69c79630-6d23-4d6b-8161-4cbe789757fc,The Scorpion,MAR,Scorpion,D,https://trtccsljexjplnuhnlkz.supabase.co/storage/v1/object/public/character-art/scorpion.jpg,2026-08-19 00:41:46.834798+00,Mac Gargan,A tail and a grudge.,WE,S,"{""reply"":[""Talk's over. This is what I do."",""You think that scares me? Cute."",""I don't plan. I sting.""],""taunt"":[""Come closer. The tail likes company."",""I've been waiting to use this on somebody real."",""Run. It's more fun that way.""],""falling"":[""This isn't- this isn't how it ends for me."",""Cheap shot. That was a cheap shot.""],""overDown"":[""Told you. I sting."",""That's what the tail's for.""]}",0,60
6a2cad44-9758-49d9-890d-ebc40a437831,Meruem,HXH,,S,https://trtccsljexjplnuhnlkz.supabase.co/storage/v1/object/public/character-art/meruem.jpg,2026-08-19 13:13:40.4991+00,Meruem,,PE,A,,0,94
6c86e0ec-a1ac-4eb9-b65d-9763433cccff,Scarecrow,DC,Jonathan Crane,D,https://trtccsljexjplnuhnlkz.supabase.co/storage/v1/object/public/character-art/scarecrow.jpg,2026-08-11 04:47:36.459091+00,Jonathan Crane,Sells you your own fear.,SE,A,"{""reply"":[""Fear does not negotiate. It simply arrives."",""Your threats are quaint compared to what I've engineered."",""I've studied terror longer than you've been fighting.""],""taunt"":[""I already know what you're most afraid of."",""Fear is a science, and you're my test subject."",""This will hurt more in your mind than in reality.""],""falling"":[""Even I am not immune to my own formula, apparently."",""This fear is... unfortunately, entirely real.""],""overDown"":[""Fear, properly applied, works every time."",""Crane's toxin never fails to deliver.""]}",1,48
6d0310c1-882b-474f-b146-8ea3d071d52a,Mr. Terrific,DC,Michael Holt,C,https://trtccsljexjplnuhnlkz.supabase.co/storage/v1/object/public/character-art/mr-t.jpg,2026-08-16 16:53:54.077409+00,Michael Holt,Third smartest man alive.,SA,P,"{""reply"":[""Your logic contains several easily correctable errors."",""I've solved harder problems before my morning coffee."",""Michael Holt does not lose to poor arguments.""],""taunt"":[""Third smartest man alive. Filed a complaint about the ranking."",""The T-Spheres already mapped your next three moves."",""Fair play matters. Losing to you would be unfair to everyone.""],""falling"":[""The variables here were... unexpectedly incomplete."",""Even third smartest has an off day, apparently.""],""overDown"":[""Fair play, superior intellect, predictable outcome."",""The T-Spheres agree. That's rare, and reassuring.""]}",1,66
6e7f1501-327e-47bc-8712-8fe5047381ba,Etrigan,DC,Jason Blood,B,https://trtccsljexjplnuhnlkz.supabase.co/storage/v1/object/public/character-art/etrigan.jpg,2026-08-11 04:47:36.459091+00,Jason Blood,Answers only in rhyme.,WPE,AS,"{""reply"":[""Your words fall empty, weak and unadorned."",""A demon does not flinch at mortal scorn."",""I've walked through hell. Your threat's a passing breeze.""],""taunt"":[""A demon bound in rhyme, still deadly all the same."",""Jason Blood sleeps while Etrigan wakes to fight."",""Speak your threats, they matter not to hellish might.""],""falling"":[""Even Etrigan bows to forces yet unplanned."",""Blood stirs within, this form will not remain.""],""overDown"":[""The rhyme is done, the battle's won with ease."",""Hell's fire burns, and still the demon stands.""]}",0,72
6e98aa23-f42d-4084-9c14-7e09aae1d24f,Megumi Fushiguro,JJK,Megumi,B,https://trtccsljexjplnuhnlkz.supabase.co/storage/v1/object/public/character-art/megumi-fushiguro.jpg,2026-08-11 04:47:36.459091+00,Megumi,Shadows do the work.,WS,P,"{""reply"":[""Shadows don't fear noise. Neither do I."",""That's not gonna change what's coming for you."",""Save your breath. My technique doesn't need it explained.""],""taunt"":[""The shadows already know exactly where you'll be."",""Divine Dogs don't miss their mark."",""I don't do flashy. I do efficient.""],""falling"":[""The shikigami couldn't cover that. Rare miss."",""Even the shadows have their limits, apparently.""],""overDown"":[""The shadows finish what they start."",""That's efficient. That's all that matters.""]}",1,78
7190ddf8-3f4e-4a34-a5c4-71182d0b4409,Blade,MAR,Eric Brooks,C,https://trtccsljexjplnuhnlkz.supabase.co/storage/v1/object/public/character-art/blade.jpg,2026-08-11 04:47:36.459091+00,Eric Brooks,Night shift specialist.,PE,A,"{""reply"":[""I don't do monologues. I do endings."",""Save it. I've heard scarier from actual vampires."",""Talk's not gonna slow down this blade.""],""taunt"":[""I've hunted worse than you since the eighties."",""Night shift's just getting started."",""You picked the wrong predator's territory.""],""falling"":[""The hunger's talking now, not me."",""Even I bleed. Rarely admit it though.""],""overDown"":[""Another one off the list."",""Daywalker doesn't stop for applause.""]}",1,69
724d0e7a-a768-4f9e-bee6-965e9cfc9c6c,Doctor Strange,MAR,Stephen Strange,A,https://trtccsljexjplnuhnlkz.supabase.co/storage/v1/object/public/character-art/doctor-strange.jpg,2026-08-11 04:47:36.459091+00,Stephen Strange,Reality is a suggestion.,WS,A,"{""reply"":[""I've traded worse than words with darker things."",""You assume this is the only reality where you win."",""Interesting. Still wrong, though.""],""taunt"":[""I've seen fourteen million futures. You lose in most."",""By the Hoary Hosts, this won't take long."",""Reality bends easier than you'd think.""],""falling"":[""I've died worse deaths than this. Truly."",""This was, statistically, one of the better outcomes.""],""overDown"":[""I saw this coming. Literally."",""The Time Stone agrees with my choice here.""]}",1,90
72d8ba7e-5d3a-4464-959a-00381c9c640a,Drax the Destroyer,MAR,Drax,C,https://trtccsljexjplnuhnlkz.supabase.co/storage/v1/object/public/character-art/drax-the-destroyer.jpg,2026-08-11 04:47:36.459091+00,Drax,Takes everything literally.,PE,S,"{""reply"":[""That means nothing to me. Nothing does but this."",""I do not understand your words. I understand fists."",""Vengeance does not listen to speeches.""],""taunt"":[""I will destroy you. This is a promise, not a threat."",""My family's death demands your defeat."",""I do not understand mercy. I understand vengeance.""],""falling"":[""This body is temporary. Vengeance is not."",""I failed them again.""],""overDown"":[""Vengeance. Finally, some of it."",""My family sees this. I hope.""]}",0,65
747a4cde-3795-4c43-abfa-2cd919630e86,The Immortal,INV,Immortal,B,,2026-08-28 00:26:55.746744+00,Immortal,"Leader of the Guardians, refuses to stay dead.",PA,S,,0,80
747ca5aa-50d0-4477-baef-0f6083d251cf,Venom,MAR,Eddie Brock,B,https://trtccsljexjplnuhnlkz.supabase.co/storage/v1/object/public/character-art/venom.jpg,2026-08-11 04:47:36.459091+00,Eddie Brock,Comes with a passenger.,WPE,S,"{""reply"":[""We do not fear noise. We fear nothing."",""Eddie says calm down. We disagree."",""Talk is not food. We want food.""],""taunt"":[""We are Venom. We are hungry."",""The symbiote agrees. You should run."",""Perfect host, perfect predator, terrible odds for you.""],""falling"":[""The symbiote is... displeased."",""Eddie, this is not going as planned.""],""overDown"":[""We are Venom. We win."",""Lunch is served.""]}",0,77
74bef985-88fd-4a7c-99b7-5ee10e6e14c3,Kabal,MK,,B,https://trtccsljexjplnuhnlkz.supabase.co/storage/v1/object/public/character-art/kabal.jpg,2026-08-19 13:13:40.4991+00,Kabal,,PE,S,,1,75
75b03632-74e5-4bbd-b501-b6adc9394548,Omni-Man,INV,Nolan Grayson,A,https://trtccsljexjplnuhnlkz.supabase.co/storage/v1/object/public/character-art/omni-man.jpg,2026-08-16 16:53:54.077409+00,Nolan Grayson,"A Viltrumite father, with issues.",PE,A,"{""reply"":[""Viltrumite strength does not answer to noise."",""I raised a son stronger than this threat."",""You mistake my patience for something you can exploit.""],""taunt"":[""A Viltrumite does not lose to lesser beings."",""I have conquered worlds gentler than this conversation."",""This will hurt me more than it hurts you. Barely.""],""falling"":[""Even a Viltrumite meets something unexpected eventually."",""Mark is never going to let me hear the end of this.""],""overDown"":[""The Empire's conquest continues, regardless."",""This was always going to end this way.""]}",0,87
781e83a3-cb15-40b0-8486-9089dfea9029,Doctor Octopus,MAR,Otto Octavius,C,https://trtccsljexjplnuhnlkz.supabase.co/storage/v1/object/public/character-art/doctor-octopus.jpg,2026-08-11 04:47:36.459091+00,Otto Octavius,"Four arms, zero patience.",SE,A,"{""reply"":[""Your argument lacks the rigor mine has."",""Otto Octavius does not lose to brute force."",""Four arms means four times the counterargument.""],""taunt"":[""Four arms, infinite patience for fools."",""I've outsmarted better minds than yours."",""The tentacles do the thinking these days.""],""falling"":[""The variables... I miscalculated somewhere."",""Even genius has margins of error.""],""overDown"":[""Superior intellect. Superior outcome."",""The arms rarely disagree with me.""]}",1,65
78211f16-722f-467c-8290-1babf397246e,Domino,MAR,Neena Thurman,D,https://trtccsljexjplnuhnlkz.supabase.co/storage/v1/object/public/character-art/domino.jpg,2026-08-11 04:47:36.459091+00,Neena Thurman,Luck counts as a superpower.,WE,S,"{""reply"":[""Funny, my luck says otherwise."",""Bad timing on your part. Story of your life, probably."",""I don't need a plan when I've got probability.""],""taunt"":[""Luck's a superpower. Watch me prove it."",""The odds just tilted my way. They always do."",""You picked the unluckiest day to try this.""],""falling"":[""Well. That's a first."",""Guess my luck ran out eventually.""],""overDown"":[""Called it. Luck never fails."",""The universe just agrees with me more, apparently.""]}",0,60
79091878-0acf-465d-8e19-a3d8b5a2caf6,Uraume,JJK,,B,https://trtccsljexjplnuhnlkz.supabase.co/storage/v1/object/public/character-art/uraume.jpg,2026-08-19 13:13:40.4991+00,Uraume,,WA,P,,0,78
7974ae0f-c245-48ad-af44-8543fbb00d9c,Martian Manhunter,DC,J'onn J'onzz,S,https://trtccsljexjplnuhnlkz.supabase.co/storage/v1/object/public/character-art/martian-manhunter.jpg,2026-08-11 04:47:36.459091+00,J'onn J'onzz,Superman with more powers.,WA,E,"{""reply"":[""Your thoughts betrayed you before your mouth did."",""I have survived the death of my entire world. This is small."",""I do not fear what I can already see coming.""],""taunt"":[""I've read your mind. It wasn't impressive."",""I have Superman's strength and more besides."",""Mars taught me patience. I'm still using it. Barely.""],""falling"":[""Fire... even now, after all this time."",""Mars would understand. I hope.""],""overDown"":[""J'onn J'onzz, last of Mars, still standing."",""The Manhunter does not lose.""]}",0,96
79af09c2-e885-4e10-abe8-34b0096a4cb2,Gellert Grindelwald,HP,,A,https://trtccsljexjplnuhnlkz.supabase.co/storage/v1/object/public/character-art/gellert-grindelwald.jpg,2026-08-19 13:13:40.4991+00,Grindelwald,,SW,A,,1,87
7b43be80-113e-4372-beae-ee8d8f393633,Colossus,MAR,Piotr Rasputin,B,https://trtccsljexjplnuhnlkz.supabase.co/storage/v1/object/public/character-art/colossus.jpg,2026-08-11 04:47:36.459091+00,Piotr Rasputin,Gentle until he is not.,PA,S,"{""reply"":[""Words do not dent steel."",""I do not enjoy this. I will still finish it."",""You mistake my calm for weakness.""],""taunt"":[""I am made of steel. What are you made of?"",""Gentle until provoked. You have provoked me."",""Piotr does not lose fights he cares about.""],""falling"":[""Even steel bends under enough pressure."",""I am sorry, my friends. I tried.""],""overDown"":[""Even steel can show mercy. This time, less so."",""The X-Men taught me restraint. This tested it.""]}",0,74
7b5caaf6-c9cb-430b-8046-016fff89c3ed,Solomon Grundy,DC,Cyrus Gold,C,https://trtccsljexjplnuhnlkz.supabase.co/storage/v1/object/public/character-art/solomon-grundy.jpg,2026-08-11 04:47:36.459091+00,Cyrus Gold,Born on a Monday.,PWE,S,"{""reply"":[""Grundy not understand words. Grundy understand hitting."",""Talk make Grundy angry. Grundy already angry."",""Grundy no care what you say. Grundy just hit.""],""taunt"":[""Grundy born on Monday. Grundy angry every day since."",""Grundy not smart. Grundy strong enough."",""Grundy dead once already. Grundy not scared of you.""],""falling"":[""Grundy... confused. Grundy not supposed to lose."",""Grundy come back. Grundy always come back.""],""overDown"":[""Grundy win. Grundy always eventually win."",""Grundy strong. That all that matter.""]}",0,62
7fb637c1-65ca-4889-bfd3-4c6d69836b3c,Jogo,JJK,,B,https://trtccsljexjplnuhnlkz.supabase.co/storage/v1/object/public/character-art/jogo.jpg,2026-08-19 13:13:40.4991+00,Jogo,,PE,A,,0,82
7fe72ffb-8f25-4c03-928a-f4669d70555d,Clayface,DC,Clayface,C,https://trtccsljexjplnuhnlkz.supabase.co/storage/v1/object/public/character-art/clayface.jpg,2026-08-19 00:41:46.834798+00,Basil Karlo,Hit him and your fist just... stays there.,EW,S,"{""reply"":[""Go ahead. Hit me again. I'll keep the shape of your fear."",""I was an actor once. Now I play everyone."",""You can't cut what doesn't have an edge.""],""taunt"":[""I'll wear your face when this is over."",""Every shape you throw at me, I keep."",""There's no version of you I can't become.""],""falling"":[""Even clay... has a breaking point."",""Guess I couldn't hold that shape after all.""],""overDown"":[""I'll remember this shape. I remember all of them."",""Scene's over. I win the role.""]}",0,68
81b1ae78-f95b-42ce-aba1-30e11acd2311,Taskmaster,MAR,Tony Masters,C,https://trtccsljexjplnuhnlkz.supabase.co/storage/v1/object/public/character-art/taskmaster.jpg,2026-08-11 04:47:36.459091+00,Tony Masters,"Copies your move once, keeps it.",WSE,A,"{""reply"":[""I've seen that move before. From someone better."",""Copying you is honestly a little embarrassing."",""Save the original technique. I'll take it anyway.""],""taunt"":[""I've already copied your move. It won't work twice."",""Photographic reflexes. You don't stand a chance."",""Whatever you throw, I've already got the counter.""],""falling"":[""Didn't have a copy for that one. Rare."",""Someone's finally got a move I haven't seen.""],""overDown"":[""Mimicked, mastered, and finished."",""That's a paid contract, cleanly closed.""]}",1,64
82aaabc6-8f4e-4fc1-9109-0eec916d0c23,Savitar,DC,,A,https://trtccsljexjplnuhnlkz.supabase.co/storage/v1/object/public/character-art/savitar.jpg,2026-08-16 16:53:54.077409+00,Unknown,"I AM THE FUTURE, FLASH. ",WE,A,"{""reply"":[""A god does not answer to lesser speed."",""You mistake motion for meaning. I am both."",""The Speed Force chose me. It rejected you.""],""taunt"":[""I am the god of the Speed Force. Kneel."",""You cannot outrun what you cannot see coming."",""I have already lapped this fight a hundred times.""],""falling"":[""A god does not fall. This is a delay."",""Even divinity has a bad lap sometimes.""],""overDown"":[""Divinity, proven again."",""The Speed Force agrees with my verdict.""]}",1,89
83e98a9b-2c41-4ff8-a911-519365f5dea7,Harley Quinn,DC,Harleen Quinzel,D,https://trtccsljexjplnuhnlkz.supabase.co/storage/v1/object/public/character-art/harley-quinn.jpg,2026-08-11 04:47:36.459091+00,Harleen Quinzel,Mallet included.,WE,A,"{""reply"":[""Aw, that's cute, tell it again but funnier."",""Puddin' never scared me, so you definitely don't."",""I've heard scarier threats from my therapist. Kidding, I don't have one.""],""taunt"":[""Mallet's loaded, puddin', let's have some fun!"",""I've got jokes AND a bat. Double threat, honey."",""This is gonna be so much fun, for me at least!""],""falling"":[""Whoopsie. Didn't see that coming, honestly."",""Okay that one actually hurt, no jokes.""],""overDown"":[""Nailed it! Literally, kinda."",""That's what I call a home run, doc!""]}",0,55
83f9518d-6e6f-46e2-875d-6695504334a7,Shikamaru Nara,NAR,Shikamaru,C,https://trtccsljexjplnuhnlkz.supabase.co/storage/v1/object/public/character-art/shikamaru-nara.jpg,2026-08-11 04:47:36.459091+00,Shikamaru,Cannot be bothered. Still out-thinks you.,SA,P,"{""reply"":[""Predictable. I planned for exactly that."",""How troublesome. You really didn't think this through."",""I've out-strategized smarter people than you, honestly.""],""taunt"":[""I calculated this outcome six moves ago. Troublesome, but true."",""This is such a drag, but I already know how it ends."",""I don't do flashy. I do inevitable.""],""falling"":[""Didn't account for that. Genuinely troublesome."",""This is gonna be such a drag to explain later.""],""overDown"":[""Finally. Can I go back to watching clouds now?"",""Told you. Troublesome, but inevitable.""]}",2,66
84e836af-f596-4039-8a49-486ba02156fe,Silva Zoldyck,HXH,,A,https://trtccsljexjplnuhnlkz.supabase.co/storage/v1/object/public/character-art/silva-zoldyck.jpg,2026-08-19 13:13:40.4991+00,Silva,,PE,A,,0,84
85f7448f-3623-4f39-947b-34dc4bb14d69,Liu Kang,MK,,A,https://trtccsljexjplnuhnlkz.supabase.co/storage/v1/object/public/character-art/liu-kang.jpg,2026-08-19 13:13:40.4991+00,Liu Kang,,PE,S,,0,92
86ca0324-00d9-4834-af7b-978cbe8b926b,Kokushibo,DS,,B,https://trtccsljexjplnuhnlkz.supabase.co/storage/v1/object/public/character-art/kokushibo.jpg,2026-08-19 13:13:40.4991+00,Michikatsu,,PE,W,,0,87
872455f4-7c0f-4c99-b1ba-cb681e933b5c,Metamorpho,DC,Rex Mason,C,https://trtccsljexjplnuhnlkz.supabase.co/storage/v1/object/public/character-art/metamorpho.jpg,2026-08-11 04:47:36.459091+00,Rex Mason,The whole periodic table.,WP,S,"{""reply"":[""I've turned into scarier things than your threat implies."",""Cute speech. I could literally become the floor under you."",""The curse gave me options you can't even imagine.""],""taunt"":[""I'm the whole periodic table. Pick an element to fear."",""You can't out-strategize someone who can become anything."",""Rex Mason's cursed, sure, but the curse hits back.""],""falling"":[""Even infinite elements have an off configuration."",""Sapphire's gonna have questions about this one.""],""overDown"":[""That's the periodic table, put to good use."",""Every element agrees. That was a win.""]}",0,66
8725794c-5abb-46e1-993d-25c55639db5a,Huntress,DC,Helena Bertinelli,D,https://trtccsljexjplnuhnlkz.supabase.co/storage/v1/object/public/character-art/huntress.jpg,2026-08-11 04:47:36.459091+00,Helena Bertinelli,Crossbow and a grudge.,EP,A,"{""reply"":[""My family died for less than what you just said."",""I've buried better men with better excuses than yours."",""Save it. The crossbow doesn't care about context.""],""taunt"":[""Crossbow's loaded. So is my grudge."",""I don't do mercy the way the others do."",""This is personal, whether you understand why or not.""],""falling"":[""Even vengeance has limits, apparently."",""This isn't over. It never is for me.""],""overDown"":[""Justice, my way. Not theirs."",""That's for what my family lost.""]}",1,52
872c75d8-7593-4b78-9dfe-d20d401c5ca7,Cha Hae-In,SL,Cha Hae-In,B,https://trtccsljexjplnuhnlkz.supabase.co/storage/v1/object/public/character-art/cha-hae-in.jpg,2026-08-11 04:47:36.459091+00,Cha Hae-In,Smells mana. Dislikes yours.,PA,W,"{""reply"":[""Your scent already told me you'd try that."",""I don't need words when I have instinct this sharp."",""Cute threat. I've fought worse smelling opponents.""],""taunt"":[""I can smell exactly how much trouble you're in."",""S-rank hunter, and this barely registers as a challenge."",""My sword doesn't miss what my nose already found.""],""falling"":[""Even the strongest sword has an off day."",""This scent... I did not expect this outcome.""],""overDown"":[""The Sword Saint strikes true, as always."",""That's what S-rank precision looks like.""]}",1,81
87886730-0144-4e90-901a-dadc796202bc,Machi Komacine,HXH,,C,https://trtccsljexjplnuhnlkz.supabase.co/storage/v1/object/public/character-art/machi-komacine.jpg,2026-08-19 13:13:40.4991+00,Machi,,SA,P,,1,72
8792da4b-ae89-415a-9160-a2f7a77aaa7b,Rhino,MAR,Aleksei Sytsevich,D,https://trtccsljexjplnuhnlkz.supabase.co/storage/v1/object/public/character-art/rhino.jpg,2026-08-11 04:47:36.459091+00,Aleksei Sytsevich,Goes one direction. Fast.,PE,S,"{""reply"":[""I don't stop for talking."",""Save your breath, I'm already charging."",""You'll wanna move. I won't.""],""taunt"":[""I only go one direction. Through you."",""You're standing in the way of a freight train."",""This won't take long. I don't slow down.""],""falling"":[""Even a Rhino runs out of road eventually."",""That's gonna leave a dent in my pride.""],""overDown"":[""Told ya. One direction."",""Nothing stops the Rhino.""]}",0,56
879a99c3-6f49-4414-8de9-0635234134ff,Shinnok,MK,,S,https://trtccsljexjplnuhnlkz.supabase.co/storage/v1/object/public/character-art/shinnok.jpg,2026-08-19 13:13:40.4991+00,Shinnok,,WE,A,,0,94
8ad543cb-6b0e-43fe-9bd8-3985ff355439,Deathstroke,DC,Slade Wilson,B,https://trtccsljexjplnuhnlkz.supabase.co/storage/v1/object/public/character-art/deathstroke.jpg,2026-08-11 04:47:36.459091+00,Slade Wilson,Uses ninety percent. Still wins.,SE,A,"{""reply"":[""I don't waste effort reacting to noise."",""Save it. I've survived worse than your speech."",""Slade Wilson does not lose contracts.""],""taunt"":[""I only need ninety percent of my ability for this."",""I've killed better trained soldiers than you."",""This contract's already as good as finished.""],""falling"":[""Didn't need the other ten percent for this, clearly."",""That's going to bruise the reputation more than the body.""],""overDown"":[""Contract fulfilled. As always."",""Ninety percent was plenty, apparently.""]}",1,70
8ad82f54-17d6-4c95-b83e-2ef521624f11,Harry Potter,HP,Harry,C,https://trtccsljexjplnuhnlkz.supabase.co/storage/v1/object/public/character-art/harry-potter.jpg,2026-08-11 04:47:36.459091+00,Harry,Survives things. That is the whole gimmick.,WA,S,"{""reply"":[""I've faced Voldemort himself. You're not as frightening."",""Save it. I've heard scarier things from a basilisk."",""I didn't survive this long by backing down from threats.""],""taunt"":[""I've survived worse than you since I was one year old."",""That's the whole gimmick, really. I keep surviving."",""Expelliarmus has ended scarier fights than this one.""],""falling"":[""Not again. Not like this, please."",""Dumbledore said love would matter. I hope he's right.""],""overDown"":[""That's for everyone who didn't make it this far."",""Turns out surviving is a pretty good skill after all.""]}",0,67
8c182021-8d0a-46a6-87e2-684952683748,Nacht Faust,BC,,B,https://trtccsljexjplnuhnlkz.supabase.co/storage/v1/object/public/character-art/nacht-faust.jpg,2026-08-19 13:13:40.4991+00,Nacht,,SW,P,,1,83
8cef43cd-2850-4c33-a15d-ec84c74ebe6e,Licht,BC,Licht,B,https://trtccsljexjplnuhnlkz.supabase.co/storage/v1/object/public/character-art/licht.jpg,2026-08-11 04:47:36.459091+00,Licht,Sword saint with a grievance.,WPE,S,"{""reply"":[""Grief does not fear your threats. It fuels past them."",""You know nothing of what was taken from my people."",""Talk means nothing against a sword this sharpened by loss.""],""taunt"":[""A sword saint doesn't need more than one grievance to win."",""The elves remember everything done to them. I remember most."",""This blade carries centuries of reasons to finish you.""],""falling"":[""Even a sword saint's grief has its limits."",""This is not the ending my people deserved either.""],""overDown"":[""For the elves. Always for the elves."",""The grievance, finally, answered.""]}",0,87
8da06494-fac0-498a-8bb2-59a7f80a32c6,The Deep,BOYS,Kevin Moskowitz,C,,2026-08-27 23:48:19.72276+00,Kevin Moskowitz,"King of the oceans, clown of the land.",WA,P,,0,63
8f270d2c-4e6e-4711-af20-68b361651d92,Beast Boy,DC,Garfield Logan,C,https://trtccsljexjplnuhnlkz.supabase.co/storage/v1/object/public/character-art/beast-boy.jpg,2026-08-11 04:47:36.459091+00,Garfield Logan,A whole zoo in one slot.,WA,P,"{""reply"":[""Ha, that's not even the scariest thing I can turn into."",""Cute threat. I've been a bear. This is easy."",""Terra's heard scarier speeches, honestly.""],""taunt"":[""I've got a whole zoo of ways to beat you."",""Bet you didn't train against an actual T-Rex."",""Changeling's got jokes and claws. Pick your fear.""],""falling"":[""Okay, didn't expect that. At all."",""Cyborg's never gonna let me live this down.""],""overDown"":[""Beast Boy wins! Someone write that down."",""Turns out being a whole zoo helps a lot.""]}",0,63
8f3071b6-4147-423b-b8c5-d821f8da6ab1,Madara Uchiha,NAR,Madara,S,https://trtccsljexjplnuhnlkz.supabase.co/storage/v1/object/public/character-art/madara-uchiha.jpg,2026-08-11 04:47:36.459091+00,Madara,Woke up and chose the whole war.,SE,A,"{""reply"":[""Power is the only truth. Yours is insufficient."",""I have outlived and outfought every generation since."",""You speak of peace. I speak of dominance.""],""taunt"":[""I woke up and chose this war. It suits me."",""The strongest shinobi to ever live doesn't lose to this."",""Even in death I was inconvenient. Alive, more so.""],""falling"":[""This is not... how the legend ends."",""Even I did not account for this.""],""overDown"":[""This is the shinobi world, as it should be."",""Even legends bow eventually.""]}",1,99
8f6eb271-ee52-45b4-9ccd-c9b7c9f73c9d,Hermione Granger,HP,Hermione,C,https://trtccsljexjplnuhnlkz.supabase.co/storage/v1/object/public/character-art/hermione-granger.jpg,2026-08-11 04:47:36.459091+00,Hermione,Read the counter-curse in third year.,SA,E,"{""reply"":[""That's factually incorrect, and also not very frightening."",""I've faced scarier things than you in a library, honestly."",""Logic, Gryffindor courage, and a very good memory. You're outmatched.""],""taunt"":[""I read the counter-curse to this in third year."",""I've solved harder problems than you before breakfast."",""Books don't fail me. This won't either.""],""falling"":[""This wasn't covered in any of the books I read."",""I need to find a spell for this. Quickly.""],""overDown"":[""Honestly, that was in the textbook the whole time."",""Ron and Harry are never going to believe this.""]}",1,66
8fffd072-3e31-4266-8964-69cca8863268,Ging Freecss,HXH,,A,https://trtccsljexjplnuhnlkz.supabase.co/storage/v1/object/public/character-art/ging-freecss.jpg,2026-08-19 13:13:40.4991+00,Ging,,SW,P,,2,88
900d6729-278c-4665-9b5a-f16aa8a91c6f,Zeno Zoldyck,HXH,,A,https://trtccsljexjplnuhnlkz.supabase.co/storage/v1/object/public/character-art/zeno-zoldyck.jpg,2026-08-19 13:13:40.4991+00,Zeno,,SE,P,,1,86
90e75db6-730a-417e-bf28-1c548fa87e62,Yuki Tsukumo,JJK,,A,https://trtccsljexjplnuhnlkz.supabase.co/storage/v1/object/public/character-art/yuki-tsukumo.jpg,2026-08-19 13:13:40.4991+00,Yuki,,PW,A,,0,88
931d7c0a-dc9e-4f58-92d5-5c833af912c4,Itachi Uchiha,NAR,Itachi,A,https://trtccsljexjplnuhnlkz.supabase.co/storage/v1/object/public/character-art/itachi-uchiha.jpg,2026-08-11 04:47:36.459091+00,Itachi,Every plan inside another plan.,SE,P,"{""reply"":[""I did what I did for reasons you cannot understand."",""Sasuke will surpass me. You will not."",""Not the fight I wanted. Still the one you chose.""],""taunt"":[""Every plan I make already accounts for your next three moves."",""I've carried worse burdens than this fight."",""You mistake my calm for something you can exploit.""],""falling"":[""My time was always going to be short. I accepted that."",""Sasuke... I am sorry, for all of it.""],""overDown"":[""Forgive me. This was necessary, like the rest."",""Everything I do serves a purpose you cannot see.""]}",1,89
9462642c-1a6f-43de-a24d-e89e79f61e04,Ms. Marvel,MAR,Kamala Khan,C,https://trtccsljexjplnuhnlkz.supabase.co/storage/v1/object/public/character-art/ms-marvel.jpg,2026-08-11 04:47:36.459091+00,Kamala Khan,"Fan first, hero second.",WA,E,"{""reply"":[""Wow, that's exactly what the villain says in issue twelve."",""I trained for this by reading, but it still counts."",""You're not even the scariest thing I've fan-cast.""],""taunt"":[""I've read every comic about this exact moment."",""This is literally my dream fight. Let's go."",""Embiggen means what you think it means. Watch.""],""falling"":[""This is not how the comic version goes."",""Okay, that hurt more than the panels suggested.""],""overDown"":[""Okay, that was actually kind of awesome."",""Somebody tell Bruno I did the thing!""]}",0,66
94e82907-b93f-4f3f-be92-492cda87088d,Hawkeye,MAR,Clint Barton,D,https://trtccsljexjplnuhnlkz.supabase.co/storage/v1/object/public/character-art/hawkeye.jpg,2026-08-11 04:47:36.459091+00,Clint Barton,Never misses. Often bleeding.,SE,P,"{""reply"":[""I've got a shot for every word you're saying."",""Loud talk from someone in my sightline."",""Keep talking, gives me time to aim.""],""taunt"":[""I don't miss. Ever."",""You're standing exactly where I want you."",""This is going to be embarrassing for you.""],""falling"":[""Should've watched the angles, not the arrow."",""Worth it. Mostly.""],""overDown"":[""Told you. Never miss."",""That's another one for the ledger.""]}",1,57
95ff4175-3118-4332-a39b-3e6ff01cd07e,Naruto Uzumaki,NAR,Naruto,S,https://trtccsljexjplnuhnlkz.supabase.co/storage/v1/object/public/character-art/naruto-uzumaki.jpg,2026-08-11 04:47:36.459091+00,Naruto,"Never once shut up, never once quit.",PA,S,"{""reply"":[""I made a promise, and I never go back on it!"",""You think that scares me? I've got the whole village behind me!"",""Dattebayo! That's not gonna work on me!""],""taunt"":[""Believe it, I'm not backing down from this!"",""I never once shut up, and I'm not starting now!"",""This is my nindo, my ninja way, and it wins!""],""falling"":[""I'm not done. I'm never done, dattebayo."",""My story doesn't end on someone else's terms.""],""overDown"":[""That's the power of never giving up, believe it!"",""I told you I don't quit!""]}",0,98
98011ea7-bea4-4056-b575-afa104495985,Yondu,MAR,Yondu,C,https://trtccsljexjplnuhnlkz.supabase.co/storage/v1/object/public/character-art/yondu.jpg,2026-08-19 00:41:46.834798+00,Yondu Udonta,"One whistle, no 2nd warning.",ES,P,"{""reply"":[""The arrow doesn't miss. I don't either."",""Ravager rules, kid. Look 'em up."",""I'm still the one they call Mad.""],""taunt"":[""Whistle's already moving. You just don't know it yet."",""Eighty percent of my crew thought that too."",""I've been flying angry since before you were born.""],""falling"":[""Told 'em... I was Mary Poppins."",""Wasn't bad. Not the way I planned it, but not bad.""],""overDown"":[""Arrow doesn't miss. Told you."",""Should've ducked when the whistle started.""]}",1,62
9898760f-a4d0-45cf-85cb-785c746ac5ba,Wasp,MAR,Janet Van Dyne,C,https://trtccsljexjplnuhnlkz.supabase.co/storage/v1/object/public/character-art/wasp.jpg,2026-08-11 04:47:36.459091+00,Janet Van Dyne,Stings well above her weight.,WS,P,"{""reply"":[""Big talk from someone I can barely see hit."",""I've stung bigger egos than yours."",""Size isn't the advantage you think it is.""],""taunt"":[""Small target, big sting. Don't underestimate me."",""I hit harder than my size suggests."",""Blink and I'm already past your guard.""],""falling"":[""Should've watched the small target closer."",""I'll be back to size before you know it.""],""overDown"":[""Never underestimate the little ones."",""That's what the sting's for.""]}",0,66
98df10dc-0712-41e0-a723-7da3f6c1f030,Asta,BC,Asta,A,https://trtccsljexjplnuhnlkz.supabase.co/storage/v1/object/public/character-art/asta.jpg,2026-08-11 04:47:36.459091+00,Asta,No magic at all. That is the problem.,PA,W,"{""reply"":[""No magic, still winning! That's the whole point!"",""Magic's not everything, and I'm proof!"",""Ha! I've beaten scarier magic than yours already!""],""taunt"":[""No magic at all! And I'm still gonna win!"",""I don't need magic when I've got this much willpower!"",""Watch, I'll prove magic isn't everything!""],""falling"":[""Not... done yet. I'm never done yet!"",""I promised I'd become Wizard King. This isn't the end!""],""overDown"":[""Told you! No magic needed here!"",""That's for everyone who said I couldn't do this!""]}",0,92
99048102-6686-4635-98ad-1ce8a779eb3f,Sasuke Uchiha,NAR,Sasuke,S,https://trtccsljexjplnuhnlkz.supabase.co/storage/v1/object/public/character-art/sasuke-uchiha.jpg,2026-08-11 04:47:36.459091+00,Sasuke,Left the group chat permanently.,SE,A,"{""reply"":[""Bonds are a weakness I abandoned long ago."",""Your words mean nothing to someone who's lost everything."",""I don't need your approval. I need this over.""],""taunt"":[""I left everything behind for power like this."",""You're not worth the effort, but I'll finish it anyway."",""The Sharingan already sees your next move.""],""falling"":[""Even the Uchiha bloodline has its limits, apparently."",""This changes nothing about what I've chosen.""],""overDown"":[""That's the cost of standing in my way."",""Power. That's all that matters now.""]}",1,97
9b9bc0b7-591b-486d-8a6d-a5c1a83c3adb,The Punisher,MAR,Frank Castle,C,https://trtccsljexjplnuhnlkz.supabase.co/storage/v1/object/public/character-art/the-punisher.jpg,2026-08-11 04:47:36.459091+00,Frank Castle,A one-man clearance sale.,SE,A,"{""reply"":[""Save the speech. I don't negotiate."",""You talk like that's gonna change the outcome."",""I've buried men who talked bigger than you.""],""taunt"":[""I've got a list. You're not even on it."",""This isn't justice. This is just cleanup."",""War never stopped for me. Neither will this.""],""falling"":[""I've died before. Didn't take."",""Frank Castle doesn't stay down long.""],""overDown"":[""One less name to worry about."",""The skull doesn't forgive.""]}",2,64
9cf69954-cd19-4b8a-a300-50d9d6ce47fc,Stan Edgar,BOYS,Edgar,D,,2026-08-27 23:48:19.72276+00,Stanford Edgar,The only man Homelander fears.,SE,PA,,2,48
9d13ddb8-ad21-4028-9333-423465cbb3ec,Batgirl,DC,Barbara Gordon,D,https://trtccsljexjplnuhnlkz.supabase.co/storage/v1/object/public/character-art/batgirl.jpg,2026-08-11 04:47:36.459091+00,Barbara Gordon,Smartest person in the cave.,SA,PE,"{""reply"":[""I calculated that outcome before you finished the sentence."",""Cute threat. I've got three counters loaded already."",""Barbara Gordon doesn't scare easy.""],""taunt"":[""Smartest person in this fight, easily."",""I already hacked your next move. Try again."",""Gotham's finest detective doesn't lose to brute force.""],""falling"":[""Didn't account for that variable. Rare mistake."",""Dad's gonna worry. He always does.""],""overDown"":[""Case closed. Efficiently."",""The Batgirl file just got another win.""]}",1,58
9e282ece-3363-4b6e-8b71-de8263bb52e7,Sub-Zero,MK,,B,https://trtccsljexjplnuhnlkz.supabase.co/storage/v1/object/public/character-art/sub-zero.jpg,2026-08-19 13:13:40.4991+00,Kuai Liang,,PE,S,,1,80
a005bb27-e72a-44b9-9cff-e3cc53767cac,Zagred,BC,,A,https://trtccsljexjplnuhnlkz.supabase.co/storage/v1/object/public/character-art/zagred.jpg,2026-08-19 13:13:40.4991+00,Zagred,,WE,A,,0,90
a02b4852-0400-410d-ad91-b1e4b8bef292,Quicksilver,MAR,Pietro Maximoff,B,https://trtccsljexjplnuhnlkz.supabase.co/storage/v1/object/public/character-art/quicksilver.jpg,2026-08-11 04:47:36.459091+00,Pietro Maximoff,Already read it.,WA,S,"{""reply"":[""Didn't catch that, I was already gone."",""Say it again, slower this time. I have time."",""You done? I finished three laps ago.""],""taunt"":[""You blinked. I already won."",""Slow. Slower. You're still catching up."",""I've lapped you eleven times already.""],""falling"":[""Didn't... see that one coming. Ironic."",""Even I have a top speed, apparently.""],""overDown"":[""Told you. Too slow."",""Blink and you'll miss the part where I win.""]}",0,77
a0b7fb2e-2388-4d8d-9855-1445356cdd54,Superman,DC,Clark Kent,S,https://trtccsljexjplnuhnlkz.supabase.co/storage/v1/object/public/character-art/superman.jpg,2026-08-11 04:47:36.459091+00,Clark Kent,The one everybody bids on.,PA,E,"{""reply"":[""Threats don't work on someone who's already seen the worst."",""I hear everything you're saying. I'm still not worried."",""You picked the one fight you can't win.""],""taunt"":[""I don't want to hurt you. I will if I must."",""There's still time to walk away from this."",""I've stopped worse than you before lunch.""],""falling"":[""Even Superman has a limit. Rarely found."",""Lois is going to worry. She always does.""],""overDown"":[""This didn't have to happen this way."",""I hope you understand why, eventually.""]}",0,99
a0f426f7-73d3-44c9-ab7e-27d4b09e5149,Obito Uchiha,NAR,,A,https://trtccsljexjplnuhnlkz.supabase.co/storage/v1/object/public/character-art/obito-uchiha.jpg,2026-08-19 13:13:40.4991+00,Obito,,WE,A,,1,94
a1da3f8f-426f-4633-8686-e9d4a399ccad,Mereoleona Vermillion,BC,Mereoleona,B,https://trtccsljexjplnuhnlkz.supabase.co/storage/v1/object/public/character-art/mereoleona-vermillion.jpg,2026-08-11 04:47:36.459091+00,Mereoleona,"Fire, and absolutely no supervision.",PA,S,"{""reply"":[""Cute threat. I've trained harder men into ash."",""You think fire scares a Vermillion? Wrong family to threaten."",""Talk's not gonna cool this down.""],""taunt"":[""Fire, and absolutely no supervision needed here."",""The Vermillion family doesn't raise anyone weak."",""I'll burn this fight down before you even land a hit.""],""falling"":[""Even I burn out eventually, apparently."",""This isn't the last you'll see of this fire.""],""overDown"":[""That's the Vermillion way. Loud and thorough."",""Told you. No supervision needed.""]}",0,88
a21fd136-ac75-4413-b15d-586a612a7faf,Red Hood,DC,Jason Todd,C,https://trtccsljexjplnuhnlkz.supabase.co/storage/v1/object/public/character-art/red-hood.jpg,2026-08-11 04:47:36.459091+00,Jason Todd,Came back angry.,EP,A,"{""reply"":[""I don't do the no-guns thing anymore. Learn that fast."",""Cute threat. I've survived actual resurrection."",""Bruce would be disappointed. I stopped caring.""],""taunt"":[""Came back angry. Stayed angry. About to prove it."",""Bruce's rules don't apply to me anymore."",""I died once already. Try harder than that.""],""falling"":[""Should've expected this, honestly. Story of my life."",""Bruce is gonna say something disapproving about this.""],""overDown"":[""That's how Red Hood handles it. Not gently."",""Gotham needed someone willing to cross the line.""]}",1,65
a2a2d054-77d7-43ae-8693-a360d97b7b67,Filius Flitwick,HP,,C,https://trtccsljexjplnuhnlkz.supabase.co/storage/v1/object/public/character-art/filius-flitwick.jpg,2026-08-19 13:13:40.4991+00,Flitwick,,SE,P,,1,68
a36daa13-db40-4e48-a300-a6ce5386635f,Scarlet Witch,MAR,Wanda Maximoff,A,https://trtccsljexjplnuhnlkz.supabase.co/storage/v1/object/public/character-art/scarlet-witch.jpg,2026-08-11 04:47:36.459091+00,Wanda Maximoff,Rewrites the ending.,WE,P,"{""reply"":[""I've rewritten worse threats out of existence."",""Careful. Reality bends when I'm upset."",""You should not have made me angry.""],""taunt"":[""I could unmake this fight before it starts."",""Chaos magic doesn't ask permission."",""You have no idea what I'm capable of rewriting.""],""falling"":[""The chaos magic... it's too much, even for me."",""I only wanted to fix things.""],""overDown"":[""No more words needed."",""I told you not to test me.""]}",1,90
a4db213b-d848-4c19-8120-6092aac4ea0e,Black Manta,DC,David Hyde,C,https://trtccsljexjplnuhnlkz.supabase.co/storage/v1/object/public/character-art/black-manta.jpg,2026-08-11 04:47:36.459091+00,David Hyde,Hates one man completely.,PSE,A,"{""reply"":[""My hatred runs deeper than your bravado."",""Save it. I've got bigger scores to settle than this."",""You're not the fight I actually want, but you'll do.""],""taunt"":[""I've hated one man my whole life. You're just practice."",""The ocean doesn't scare me. Neither do you."",""This suit's seen scarier things than your threats.""],""falling"":[""This isn't the fight I wanted. Still counts against me."",""Aquaman's going to hear I lost to you. Unacceptable.""],""overDown"":[""One step closer to the fight that matters."",""That's a warm-up. Nothing more.""]}",1,62
a4e42819-8680-4d54-ac2a-29c912c559d8,Kite,HXH,,B,https://trtccsljexjplnuhnlkz.supabase.co/storage/v1/object/public/character-art/kite.jpg,2026-08-19 13:13:40.4991+00,Kite,,SE,P,,1,78
a6bcb65d-af37-41c0-9076-fbde1bf64f50,Kimiko Miyashiro,BOYS,The Female,C,,2026-08-27 23:48:19.72276+00,Kimiko Miyashiro,"Silent rage, unstoppable force.",PE,S,,0,60
a74c2014-6471-4ac9-a63b-79c40e061031,Killer Frost,DC,Caitlin Snow,C,https://trtccsljexjplnuhnlkz.supabase.co/storage/v1/object/public/character-art/killer-frost.jpg,2026-08-11 04:47:36.459091+00,Caitlin Snow,"Absolute zero, zero mercy.",PWE,A,"{""reply"":[""Cold doesn't care about your speech. Neither do I."",""I've buried better threats than you in frost."",""Save the warmth for someone who still has feelings.""],""taunt"":[""Absolute zero, and zero mercy to go with it."",""I don't warm up to threats. Or anything, really."",""Caitlin's the nice one. I'm not her.""],""falling"":[""Even ice melts eventually, apparently."",""Caitlin's fighting for control right now. Bad timing.""],""overDown"":[""Frozen solid. As intended."",""That's what absolute zero does to bravado.""]}",1,61
a773cca0-86b1-4eea-95e4-c718f0ab30e0,Moon Knight,MAR,Marc Spector,B,https://trtccsljexjplnuhnlkz.supabase.co/storage/v1/object/public/character-art/moon-knight.jpg,2026-08-11 04:47:36.459091+00,Marc Spector,"Four opinions, one body.",WE,A,"{""reply"":[""Khonshu isn't impressed. Neither am I."",""You're talking to whichever one of us answers first."",""That threat doesn't land the same way in here.""],""taunt"":[""Khonshu's justice doesn't miss twice."",""There's four of us in here, pick your poison."",""The moon sees everything. So do I.""],""falling"":[""Which one of us is even conscious right now."",""Khonshu, a little help would be nice.""],""overDown"":[""Justice, delivered under moonlight."",""Khonshu's satisfied. For now.""]}",1,77
a7aa8426-1dfd-49aa-84f6-9f43fb36e22a,Cyborg,DC,Victor Stone,A,https://trtccsljexjplnuhnlkz.supabase.co/storage/v1/object/public/character-art/cyborg.jpg,2026-08-11 04:47:36.459091+00,Victor Stone,"Booyah, and a mainframe.",SA,E,"{""reply"":[""My systems already calculated your defeat."",""Cute threat. I've got better firewalls than that."",""You're not accounting for the tech advantage here.""],""taunt"":[""Booyah. That's all the warning you get."",""I've got a mainframe full of ways to end this."",""Half machine, all business.""],""falling"":[""Systems... rebooting. This is not ideal."",""Somebody tell Victor Stone I said something clever first.""],""overDown"":[""Booyah. Every time."",""Systems say victory. I agree.""]}",1,86
a8182ffe-874f-4a96-a35c-f41b7728dc6f,Doctor Doom,MAR,Victor Von Doom,A,https://trtccsljexjplnuhnlkz.supabase.co/storage/v1/object/public/character-art/doctor-doom.jpg,2026-08-11 04:47:36.459091+00,Victor Von Doom,Insists on the full title.,SWE,A,"{""reply"":[""Doom does not answer to lesser minds."",""Insolence. Doom will correct that."",""You dare raise your voice to Doom?""],""taunt"":[""Doom does not lose. Doom permits outcomes."",""Kneel before the rightful ruler of Latveria."",""Doom has already accounted for your defeat.""],""falling"":[""This is merely a setback. Doom endures."",""Doom will remember this. Doom remembers everything.""],""overDown"":[""Doom is, as always, correct."",""Latveria stands. You do not.""]}",1,89
a8c5224a-b556-40b6-a7c2-be0c844bda92,Atom Eve,INV,Samantha Eve Wilkins,B,https://trtccsljexjplnuhnlkz.supabase.co/storage/v1/object/public/character-art/atom_eve.jpg,2026-08-16 16:53:54.077409+00,Samantha Eve Wilkins,Rearranges matter itself.,WA,E,"{""reply"":[""Careful. I've reshaped scarier things than your threat."",""Matter manipulation doesn't care about bravado."",""I've heard bigger promises fall apart faster than this.""],""taunt"":[""I rearrange matter itself. Modest about it, mostly."",""Give me a second and this fight stops existing as such."",""I don't need to hit hard. I can just remake the ground.""],""falling"":[""Even matter has limits, apparently. Rare lesson."",""Mark's gonna worry. He always does.""],""overDown"":[""Reality bends where I ask it to. Every time."",""That's what happens when you underestimate the quiet one.""]}",1,79
a9b0269b-4a00-4b32-9a54-a2251c2a5828,Quan Chi,MK,,A,https://trtccsljexjplnuhnlkz.supabase.co/storage/v1/object/public/character-art/quan-chi.jpg,2026-08-19 13:13:40.4991+00,Quan Chi,,SW,P,,2,85
abedd576-e41e-445c-bca0-081cb1331128,Maki Zenin,JJK,Maki,B,https://trtccsljexjplnuhnlkz.supabase.co/storage/v1/object/public/character-art/maki-zenin.jpg,2026-08-11 04:47:36.459091+00,Maki,Cursed tools and pure spite.,PA,W,"{""reply"":[""Spite carried me further than talent ever could."",""My family said I was worthless. I'm about to prove otherwise."",""Cute threat. I've heard worse from actual family.""],""taunt"":[""No cursed energy. Just spite and cursed tools. Enough."",""The Zenin family underestimated me. Don't make the same mistake."",""I've cut down bigger names than you already.""],""falling"":[""Even spite has limits, apparently. Rare admission."",""This isn't how I planned to prove them wrong.""],""overDown"":[""The Zenin family should've seen this coming."",""That's what spite gets you. Results.""]}",1,82
ac2f3f18-94b9-43f1-b903-0516d3fa398c,Hinata Hyuga,NAR,Hinata,C,https://trtccsljexjplnuhnlkz.supabase.co/storage/v1/object/public/character-art/hinata-hyuga.jpg,2026-08-11 04:47:36.459091+00,Hinata,Sees exactly where it hurts.,AW,P,"{""reply"":[""I found my own strength. It's stronger than your words."",""I don't need to be loud to be dangerous."",""Gentle fist doesn't miss its mark.""],""taunt"":[""The Byakugan sees exactly where this hurts most."",""I'm not the same girl who used to hide. Watch."",""Naruto believed in me. That's more than you have.""],""falling"":[""I've still got more fight in me than this shows."",""Naruto... I hope I made you proud, at least.""],""overDown"":[""I'm not backing down anymore. Not ever."",""Byakugan. It always finds the opening.""]}",0,63
ad1497e6-1f21-4583-8c6f-0514fc4711e8,Vision,MAR,Synthezoid,A,https://trtccsljexjplnuhnlkz.supabase.co/storage/v1/object/public/character-art/vision.jpg,2026-08-11 04:47:36.459091+00,Synthezoid,Walks straight through the argument.,SA,E,"{""reply"":[""Your logic is flawed. I have run the numbers."",""I do not experience fear the way you intend."",""That statement contains several errors.""],""taunt"":[""I have calculated seven ways this ends. Choose carefully."",""Density is a choice. I am about to make one."",""I feel very little about what happens next.""],""falling"":[""The Mind Stone... this was not accounted for."",""I find I do, in fact, feel this.""],""overDown"":[""The outcome was, statistically, always this."",""Peace, in this instance, required force.""]}",0,86
ad477a49-0147-41f2-9d3b-a2c156ce7e4c,Hashirama Senju,NAR,,S,https://trtccsljexjplnuhnlkz.supabase.co/storage/v1/object/public/character-art/hashirama-senju.jpg,2026-08-19 13:13:40.4991+00,First Hokage,Has 100% Hashirama cells.,PA,W,,0,96
af79e09f-5cb5-4d6d-955b-2cd5bf105794,Sinestro,DC,Thaal Sinestro,B,https://trtccsljexjplnuhnlkz.supabase.co/storage/v1/object/public/character-art/sinestro.jpg,2026-08-11 04:47:36.459091+00,Thaal Sinestro,Better ring discipline than Hal.,SE,A,"{""reply"":[""Willpower is a nice theory. Fear gets results."",""I have commanded fear itself. You are not frightening."",""You waste words on someone who's already won worse fights.""],""taunt"":[""Fear built a better ring than willpower ever could."",""I trained Hal Jordan. I'm still better than him."",""The Corps cast me out. That was their mistake.""],""falling"":[""Even the yellow light dims eventually."",""This changes nothing about what I believe.""],""overDown"":[""Fear, once again, proven correct."",""The Corps should have listened to me.""]}",1,78
af941cbd-1b57-4dcf-8166-25d621f6ed94,Firestorm,DC,Ronnie Raymond,B,https://trtccsljexjplnuhnlkz.supabase.co/storage/v1/object/public/character-art/firestorm.jpg,2026-08-11 04:47:36.459091+00,Ronnie Raymond,"Two minds, one atom.",PW,S,"{""reply"":[""Ronnie says relax. I say I've got this handled."",""We've argued about worse things than your threat."",""The Professor thinks you're wrong. So do I.""],""taunt"":[""Two minds, one very large nuclear-powered fist."",""Professor Stein and I both agree, this ends fast."",""Matter is just a suggestion once I get involved.""],""falling"":[""Ronnie, are you seeing this? A little help."",""The Professor's not gonna let me forget this one.""],""overDown"":[""Nuclear man, problem solved."",""Stein and I actually agreed on something. Progress.""]}",0,72
b21b5a87-5bf5-4f81-a370-34ae7bd62abb,Deidara,NAR,,B,https://trtccsljexjplnuhnlkz.supabase.co/storage/v1/object/public/character-art/deidara.jpg,2026-08-19 13:13:40.4991+00,Deidara,,WE,A,,1,77
b3176ad3-a044-4026-8b9b-5fb9510b99f9,Yuta Okkotsu,JJK,,A,https://trtccsljexjplnuhnlkz.supabase.co/storage/v1/object/public/character-art/yuta-okkotsu.jpg,2026-08-19 13:13:40.4991+00,Yuta,,WE,,,0,91
b45fc495-60b2-4b78-8245-62b068725d19,Akaza,DS,Akaza,C,https://trtccsljexjplnuhnlkz.supabase.co/storage/v1/object/public/character-art/akaza.jpg,2026-08-11 04:47:36.459091+00,Akaza,Will not fight anyone weaker. Politely.,PE,S,"{""reply"":[""I respect strength. That is the only respect I give."",""Your resolve is the only thing keeping this interesting."",""Weakness bores me. You are, at least, not boring.""],""taunt"":[""I will not fight anyone weaker than this. You'll do."",""Ascend. Become strong enough to matter to me."",""This fight only happens because you earned it.""],""falling"":[""This... this is not supposed to be possible."",""Strength like this... I should have expected it.""],""overDown"":[""You fought well. That is rare praise from me."",""Ascend further, next time. If there is one.""]}",0,82
b48f0219-54ca-47b9-a384-b6990b94cb41,Hulk,MAR,Bruce Banner,A,https://trtccsljexjplnuhnlkz.supabase.co/storage/v1/object/public/character-art/hulk.jpg,2026-08-11 04:47:36.459091+00,Bruce Banner,Do not shelve near the door.,PW,S,"{""reply"":[""Hulk not care what you say."",""That make Hulk laugh. Almost."",""Talk more. Hulk still smash.""],""taunt"":[""Hulk strongest one there is."",""Puny words. Puny everything."",""Hulk not even angry yet.""],""falling"":[""Hulk... confused. This not happen."",""Hulk remember this. Hulk remember everything.""],""overDown"":[""Hulk win. Hulk always win."",""Stay down. Hulk not ask twice.""]}",0,91
b4d8feff-874b-4667-ac72-f8712844b75d,Iron Fist,MAR,Danny Rand,C,https://trtccsljexjplnuhnlkz.supabase.co/storage/v1/object/public/character-art/iron-fist.jpg,2026-08-11 04:47:36.459091+00,Danny Rand,"One punch, fully funded.",PW,E,"{""reply"":[""The Iron Fist does not waver at threats."",""You speak, I focus. Guess which one wins."",""I've faced worse in K'un-Lun's shadow realm.""],""taunt"":[""My fist carries the power of a burning star."",""K'un-Lun trained me for exactly this moment."",""One strike is usually all I need.""],""falling"":[""Even the Iron Fist meets its match sometimes."",""K'un-Lun did not prepare me for this, apparently.""],""overDown"":[""The power of Shou-Lao, spent well."",""One strike. As promised.""]}",0,64
b4d9137d-6c8e-49a2-abe4-7de814941604,Sindel,MK,,A,https://trtccsljexjplnuhnlkz.supabase.co/storage/v1/object/public/character-art/sindel.jpg,2026-08-19 13:13:40.4991+00,Sindel,,PW,A,,0,88
b54dcad1-93e4-443a-a592-333d696081c8,Pain,NAR,Nagato,A,https://trtccsljexjplnuhnlkz.supabase.co/storage/v1/object/public/character-art/pain.jpg,2026-08-11 04:47:36.459091+00,Nagato,"Six bodies, one very sad man.",WPE,A,"{""reply"":[""Your resistance is exactly the pain I mean to end."",""I have felt loss you cannot comprehend. This is easy."",""Nagato's grief built this power. It will not fail here.""],""taunt"":[""Six bodies. One purpose. Your defeat."",""Pain teaches understanding. I am about to teach you."",""The world must know real pain to know real peace.""],""falling"":[""Even the God Realm has its limits, it seems."",""This was never truly about winning.""],""overDown"":[""Now you understand real pain."",""This is how peace begins.""]}",1,90
b5b38855-8410-4955-940a-fd3475892a04,Starfire,DC,Koriand'r,B,https://trtccsljexjplnuhnlkz.supabase.co/storage/v1/object/public/character-art/starfire.jpg,2026-08-11 04:47:36.459091+00,Koriand'r,"Joy, and starbolts.",PA,S,"{""reply"":[""Your words carry less heat than my hands."",""I have survived slavery on Tamaran. This is nothing."",""I would rather we were friends. But I will fight.""],""taunt"":[""Joy and starbolts, an excellent combination."",""On Tamaran, this is called a friendly warning."",""I do not enjoy this, but I will finish it.""],""falling"":[""Even joy has its limits, it seems."",""Robin will worry. He always does.""],""overDown"":[""I am sorry it came to this. Mostly."",""Tamaranean strength, undiminished.""]}",0,72
b74f9a2f-5a99-4e4a-b4e2-fa243d630ab8,Doomsday,DC,The Ultimate,S,https://trtccsljexjplnuhnlkz.supabase.co/storage/v1/object/public/character-art/doomsday.jpg,2026-08-11 04:47:36.459091+00,The Ultimate,Killed Superman once.,PE,S,"{""reply"":[""I do not process fear. I only process fighting."",""Words mean nothing to something built only to kill."",""You cannot reason with what evolution made a weapon.""],""taunt"":[""I killed Superman once. Once was enough to prove it."",""Nothing about me is meant to be survived."",""Every death I've had made me stronger for this one.""],""falling"":[""I have died before. It never holds."",""Whatever this is, it will not be the last time.""],""overDown"":[""Another death. Not mine, for once."",""This is what I was made for.""]}",0,97
b8c91fd5-828d-4db0-b084-8460adb95773,Electro,MAR,Electro,C,https://trtccsljexjplnuhnlkz.supabase.co/storage/v1/object/public/character-art/electro.jpg,2026-08-19 00:41:46.834798+00,Max Dillon,Ignored his whole life. Impossible to ignore now.,EW,A,"{""reply"":[""Everybody sees me now. Every single one of you."",""You want to talk? I'd rather light up the sky."",""Nobody looked at me twice. Look now.""],""taunt"":[""I am the loudest thing in this fight."",""Feel that? That's just a warning."",""You're standing in a very bad place to be wet.""],""falling"":[""Even lightning... runs out eventually."",""Everyone always said I'd burn out.""],""overDown"":[""Now you see me. Everybody sees me."",""Told you I'm impossible to ignore.""]}",0,68
ba04ec78-9cb5-42f8-9ad7-6ea181312cc0,Sandman,MAR,Flint Marko,B,https://trtccsljexjplnuhnlkz.supabase.co/storage/v1/object/public/character-art/sandman.jpg,2026-08-11 04:47:36.459091+00,Flint Marko,Punching him is a waste of a turn.,WPE,S,"{""reply"":[""Punches don't do much against a pile of sand."",""Cute threat. I'm literally made of the ground you're standing on."",""Talk away. I'm not going anywhere, or everywhere.""],""taunt"":[""Good luck punching sand. Really, go ahead."",""I've got nowhere to be and no reason to lose."",""You can't grab what won't hold still.""],""falling"":[""Even sand scatters eventually, I guess."",""I'll pull myself back together. Give me a sec.""],""overDown"":[""That's what happens when you fight the beach."",""Should've brought a bigger bucket.""]}",0,78
bafb5f97-a3d0-4902-bbae-75276018e5db,Shinobu Kocho,DS,Shinobu,C,https://trtccsljexjplnuhnlkz.supabase.co/storage/v1/object/public/character-art/shinobu-kocho.jpg,2026-08-11 04:47:36.459091+00,Shinobu,"Too small to behead, so she uses poison.",SE,P,"{""reply"":[""That's a funny thing to say to someone smiling this much."",""I've poisoned scarier things than your threat implies."",""I don't need brute force. I have patience, and toxin.""],""taunt"":[""Too small to behead, so I brought poison instead."",""I smile through everything. Even this."",""My blade doesn't need strength. Just precision.""],""falling"":[""Even a smile can hide how much this hurts."",""Kanae, I tried to smile through this too.""],""overDown"":[""A thousand cuts, and not one wasted."",""That's the advantage of poison over strength.""]}",1,70
bb0bf7ab-8a29-4299-837d-bf4fa54bf506,Nightcrawler,MAR,Kurt Wagner,B,https://trtccsljexjplnuhnlkz.supabase.co/storage/v1/object/public/character-art/nightcrawler.jpg,2026-08-11 04:47:36.459091+00,Kurt Wagner,Gone before you finish the sentence.,WA,E,"{""reply"":[""You'll need to be faster than that."",""I'm gone before the words land."",""Sorry, did you want me to stay still?""],""taunt"":[""Bamf. I'm already behind you."",""Catch me if you can. You cannot."",""Mein Gott, this will be quick.""],""falling"":[""Mein Gott... even I did not see that."",""I'll pray on the way down. Habit.""],""overDown"":[""Gott sei dank, that's over."",""Faith and a good teleport. Works every time.""]}",0,77
bb17339c-c6b4-4fca-a2ea-196fba8ae850,Starlight,BOYS,Annie January,C,,2026-08-27 23:48:19.72276+00,Annie January,The only true hero in a world of actors.,AW,E,,0,65
bbb0f2c5-9872-4c5c-8262-968f97c11c37,Cyclops,MAR,Scott Summers,B,https://trtccsljexjplnuhnlkz.supabase.co/storage/v1/object/public/character-art/cyclops.jpg,2026-08-11 04:47:36.459091+00,Scott Summers,"To me, my X-Men.",SA,W,"{""reply"":[""I don't lead by talking. I lead by results."",""Save it. I've heard better speeches from Magneto."",""You want a fight, not a conversation. Fine.""],""taunt"":[""I've led worse fights than this one."",""Keep your eyes open. I only need one shot."",""The X-Men taught me to end this fast.""],""falling"":[""The team will finish what I started."",""Someone radio the Professor. This got worse.""],""overDown"":[""That's what leadership looks like."",""Optic blast. Every time.""]}",1,75
bbb5bf9e-74cc-4a95-aa25-6903c32f0f23,Green Lantern,DC,Hal Jordan,B,https://trtccsljexjplnuhnlkz.supabase.co/storage/v1/object/public/character-art/green-lantern.jpg,2026-08-11 04:47:36.459091+00,Hal Jordan,Imagination with a battery.,WP,A,"{""reply"":[""The ring doesn't answer to fear. Neither do I."",""Great, another test pilot ego to deflate."",""I've faced Parallax. You are not Parallax.""],""taunt"":[""In brightest day, in blackest night, you're still losing."",""Willpower built this ring. Willpower ends this fight."",""I've imagined worse things than you and beaten them.""],""falling"":[""The ring's running low. So am I."",""Even Green Lanterns have bad days out here.""],""overDown"":[""No evil shall escape my sight. Told you."",""Willpower wins. Every single time.""]}",1,80
bc0327a8-0543-4d71-9c98-b63da8e275a8,Hercules,MAR,Hercules,A,https://trtccsljexjplnuhnlkz.supabase.co/storage/v1/object/public/character-art/hercules.jpg,2026-08-11 04:47:36.459091+00,Hercules,Will arm-wrestle absolutely anyone.,PA,S,"{""reply"":[""A demigod does not flinch at mortal threats."",""I've wrestled lions for sport. You are not a lion."",""Big talk. I've heard bigger from actual Olympians.""],""taunt"":[""I'll arm-wrestle you first if you'd rather lose gently."",""Twelve labors, and this barely counts as a warm-up."",""Zeus's blood runs through me. What runs through you?""],""falling"":[""Even Hercules has an off day, apparently."",""Olympus is going to hear some jokes about this.""],""overDown"":[""Another labor, completed with style."",""The son of Zeus does not lose easily.""]}",0,84
bc3457ef-728c-4582-9a3a-7e1e790d5d03,Doma,DS,,C,https://trtccsljexjplnuhnlkz.supabase.co/storage/v1/object/public/character-art/doma.jpg,2026-08-19 13:13:40.4991+00,Doma,Lady Killer.,WE,A,,0,84
bc397f74-8b6e-4124-a3e7-bf3e0706735c,Katana,DC,Tatsu Yamashiro,D,https://trtccsljexjplnuhnlkz.supabase.co/storage/v1/object/public/character-art/katana.jpg,2026-08-11 04:47:36.459091+00,Tatsu Yamashiro,The sword keeps the souls.,EW,P,"{""reply"":[""The sword remembers every enemy. It's adding you now."",""I do not fear death. I carry it with me."",""Talk means nothing to a blade that keeps its victories.""],""taunt"":[""The souls of everyone I've cut down agree with me."",""Soultaker doesn't miss. Neither do I."",""My husband's soul rides with this blade. Respect that.""],""falling"":[""Even Soultaker's wielder has limits, it seems."",""My husband's spirit is not pleased with this outcome.""],""overDown"":[""Another soul, taken. As the blade demands."",""Tatsu Yamashiro does not miss.""]}",1,57
be61f994-5cb8-451b-8682-297afa7b5cde,Killer Croc,DC,Waylon Jones,C,https://trtccsljexjplnuhnlkz.supabase.co/storage/v1/object/public/character-art/killer-croc.jpg,2026-08-11 04:47:36.459091+00,Waylon Jones,A sewer-level problem.,PE,S,"{""reply"":[""Talk doesn't scare something that already looks like this."",""I've been called worse by better fighters."",""Keep talking. Gives me time to get hungry.""],""taunt"":[""The sewers taught me patience. I've run out."",""You smell like fear. Good instinct, actually."",""I don't need words. I need you closer.""],""falling"":[""Even Croc bleeds, apparently. Rare sight."",""This isn't the last you'll see of me.""],""overDown"":[""The sewers just got a little quieter."",""That's what happens down here.""]}",0,64
bf525433-30db-4a1a-85b4-661419a61767,Gyomei Himejima,DS,,B,https://trtccsljexjplnuhnlkz.supabase.co/storage/v1/object/public/character-art/gyomei-himejima.jpg,2026-08-19 13:13:40.4991+00,Gyomei,,PA,W,,0,82
c09c4ed4-14e4-45ea-bc9e-674b5551700f,Batman,DC,Bruce Wayne,B,https://trtccsljexjplnuhnlkz.supabase.co/storage/v1/object/public/character-art/batman.jpg,2026-08-11 04:47:36.459091+00,Bruce Wayne,Prepared for this exact auction.,SA,EP,"{""reply"":[""I don't respond to threats. I plan around them."",""Save it. I've heard scarier from the Joker."",""That was a mistake. I've already accounted for it.""],""taunt"":[""I've studied your moves. All of them."",""You should be more afraid of the dark."",""This was over before you knew I was here.""],""falling"":[""I've factored in worse outcomes than this."",""Alfred's going to have opinions about my ribs.""],""overDown"":[""I don't want to. I have to."",""Gotham's better because of this.""]}",2,70
c0c40ff1-8c39-44df-9194-2ddd9685972b,Juggernaut,MAR,Cain Marko,B,https://trtccsljexjplnuhnlkz.supabase.co/storage/v1/object/public/character-art/juggernaut.jpg,2026-08-11 04:47:36.459091+00,Cain Marko,Nothing stops him. Nothing.,PWE,S,"{""reply"":[""Cyttorak doesn't care about your speech."",""Talk all you want. I'm still coming."",""Nothing you say slows me down.""],""taunt"":[""Nothing stops the Juggernaut. Nothing."",""I'm not just a man, I'm a force."",""You're about to learn that the hard way.""],""falling"":[""Even the unstoppable force finds a wall eventually."",""Cyttorak's gonna have questions about this.""],""overDown"":[""Told you. Nothing stops me."",""That's what unstoppable means.""]}",0,78
c1d34d26-5052-4894-b33e-0523983f0aad,Invisible Woman,MAR,Sue Storm,B,https://trtccsljexjplnuhnlkz.supabase.co/storage/v1/object/public/character-art/invisible-woman.jpg,2026-08-11 04:47:36.459091+00,Sue Storm,"The strongest one, quietly.",AW,S,"{""reply"":[""I've heard louder threats from Doom himself."",""You should be more careful who you provoke."",""My shields don't crack from noise.""],""taunt"":[""You can't hit what you can't see."",""I've held back the whole team from worse than you."",""The strongest one is always the one you underestimate.""],""falling"":[""The shield held longer than expected. Barely."",""Reed's going to worry. He always does.""],""overDown"":[""The Invisible Woman is never the easy fight."",""Should've taken me seriously from the start.""]}",0,79
c2a1b637-fd21-486d-a0c7-2e18551eb84c,The Thinker,DC,Clifford DeVoe,D,https://trtccsljexjplnuhnlkz.supabase.co/storage/v1/object/public/character-art/thinker.jpg,2026-08-16 16:53:54.077409+00,Clifford DeVoe,The smartest man alive.,SWE,P,"{""reply"":[""Your argument lacks the rigor mine has."",""Emotion is an inefficient response. Noted and dismissed."",""I've out-thought smarter rooms than this one.""],""taunt"":[""The smartest man alive doesn't lose to force."",""I calculated this outcome before you arrived."",""Your next four moves are already obsolete to me.""],""falling"":[""This was not in the projected outcomes."",""Even genius has a margin of error, apparently.""],""overDown"":[""Superior intellect, superior outcome. As calculated."",""The thinking cap rarely disagrees with me.""]}",2,51
c3153e48-ae36-4e09-8b3a-7431ff819323,Magna Swing,BC,,C,https://trtccsljexjplnuhnlkz.supabase.co/storage/v1/object/public/character-art/magna-swing.jpg,2026-08-19 13:13:40.4991+00,Magna,Started from the bottom.,P,S,,1,67
c37718a4-d548-4d7a-98a5-4940a449cc81,Ant-Man,MAR,Scott Lang,B,https://trtccsljexjplnuhnlkz.supabase.co/storage/v1/object/public/character-art/ant-man.jpg,2026-08-11 04:47:36.459091+00,Scott Lang,"Small print, big problem.",SW,E,"{""reply"":[""Read the fine print. You wouldn't like what it says."",""I've talked my way out of scarier rooms than this."",""Big or small, I've still got the better plan here.""],""taunt"":[""Small print, big problem, and I'm about to be huge."",""I've robbed better places than this fight, honestly."",""Ask Cassie, I always figure out a way to win.""],""falling"":[""Should've read the fine print before starting this."",""Going small was NOT the move there, in hindsight.""],""overDown"":[""That's what happens when you underestimate the little guy."",""Cassie's gonna love this story.""]}",0,72
c4a4c775-5114-48a5-82cc-477e8df60b7e,Illumi Zoldyck,HXH,,B,https://trtccsljexjplnuhnlkz.supabase.co/storage/v1/object/public/character-art/illumi-zoldyck.jpg,2026-08-19 13:13:40.4991+00,Illumi,,SE,A,,1,79
c5d21ed1-3d32-43f6-86fe-dd968a94bf96,Satoru Gojo,JJK,Gojo,S,https://trtccsljexjplnuhnlkz.supabase.co/storage/v1/object/public/character-art/satoru-gojo.jpg,2026-08-11 04:47:36.459091+00,Gojo,"The strongest, and unbearable about it.",PW,S,"{""reply"":[""Cute. I've beaten scarier curses before lunch."",""Limitless doesn't have a counter for that, sorry."",""You're really doing this? Bold, if nothing else.""],""taunt"":[""I'm the strongest. Unfortunately for you."",""Throughout heaven and earth, I alone am honored. Try me."",""This is gonna be embarrassing for you, honestly.""],""falling"":[""Okay, that's actually a first. Huh."",""Didn't see that coming. Genuinely impressive, actually.""],""overDown"":[""Told you. Strongest. It's not close."",""Domain Expansion, Unlimited Void. That's that.""]}",0,97
c713e67a-9477-4c1e-803b-270cd61d4f68,Cole MacGrath,INF,The Demon of Empire City,A,https://trtccsljexjplnuhnlkz.supabase.co/storage/v1/object/public/character-art/cole-macgrath.jpg,2026-08-17 21:50:06.731868+00,Cole MacGrath,Courier-boy who survived the Ray Sphere.,WE,A,"{""reply"":[""I didn't ask for these powers, but I'm gonna use 'em."",""Half a million volts, coming right up."",""Empire City taught me how to survive anything.""],""taunt"":[""You ever feel a hundred thousand amps all at once?"",""Let's see if you can ground this."",""I'm full charge and ready to go.""],""falling"":[""Out of juice..."",""Need... a transformer...""],""overDown"":[""Ionic Storm cleared the area."",""That's how a Conduit ends a fight.""]}",1,88
c795b9df-9aea-4b0e-8fd5-ba662da9b7a3,Lex Luthor,DC,Lex Luthor,C,https://trtccsljexjplnuhnlkz.supabase.co/storage/v1/object/public/character-art/lex-luthor.jpg,2026-08-11 04:47:36.459091+00,Lex Luthor,Would buy this entire box.,SPE,A,"{""reply"":[""A man of my intellect does not fear noise."",""I built an empire smarter men couldn't touch. This is easy."",""Your threat lacks the intelligence to actually matter.""],""taunt"":[""I would buy this entire fight if I could."",""Genius always beats brute force. Watch."",""I've outsmarted better than you before lunch.""],""falling"":[""This was not accounted for in my projections."",""I will simply acquire a better outcome next time.""],""overDown"":[""Superior intellect, superior outcome. Obviously."",""LexCorp's finest work, if I do say so.""]}",2,69
c7c68d10-5415-4378-8147-e4b4d2a3b3ac,Deadshot,DC,Floyd Lawton,D,https://trtccsljexjplnuhnlkz.supabase.co/storage/v1/object/public/character-art/deadshot.jpg,2026-08-16 16:53:54.077409+00,Floyd Lawton,Never misses.,ES,A,"{""reply"":[""Cute threat. I've been paid to ignore scarier."",""Talk doesn't slow down a bullet, Floyd."",""Save it. I'm already lining up the shot.""],""taunt"":[""Never missed a shot in my life. Not starting now."",""You're already dead. Just waiting on the paperwork."",""I don't do misses. It's not in the job description.""],""falling"":[""First miss in years. Somebody write that down."",""Zoe's gonna hear I finally lost one.""],""overDown"":[""Contract fulfilled. Clean, like always."",""Told you. Never miss.""]}",1,56
c84c81c1-4282-486a-a660-d96fee400910,Yoriichi Tsugikuni,DS,,B,https://trtccsljexjplnuhnlkz.supabase.co/storage/v1/object/public/character-art/yoriichi-tsugikuni.jpg,2026-08-19 13:13:40.4991+00,Yoriichi,,PE,W,,0,93
c9259899-a67e-4d42-a11b-6099971c109f,Killua Zoldyck,HXH,,B,https://trtccsljexjplnuhnlkz.supabase.co/storage/v1/object/public/character-art/killua-zoldyck.jpg,2026-08-19 13:13:40.4991+00,Killua,,EW,A,,1,80
ca04a548-844e-4ce1-a112-5dfc646ebe59,Fenrir Greyback,HP,,C,https://trtccsljexjplnuhnlkz.supabase.co/storage/v1/object/public/character-art/fenrir-greyback.jpg,2026-08-19 13:13:40.4991+00,Greyback,,PE,S,,0,66
ca8fe6a9-5893-462d-870e-5a4762ed4dd8,Falcon,MAR,Sam Wilson,D,https://trtccsljexjplnuhnlkz.supabase.co/storage/v1/object/public/character-art/falcon.jpg,2026-08-11 04:47:36.459091+00,Sam Wilson,Owns the airspace.,SA,P,"{""reply"":[""I've flown through worse than your threats."",""Big talk for someone stuck on the ground."",""Sam Wilson doesn't back down from noise.""],""taunt"":[""This airspace is mine. Always has been."",""You want a fight? I own the sky."",""Redwing's already spotted three ways this ends badly for you.""],""falling"":[""Redwing, get help. This is bad."",""Grounded. Temporarily. Very temporarily.""],""overDown"":[""Airspace secured."",""That's what happens when you challenge the sky.""]}",0,55
cc185695-718e-4956-94a6-cc61c37a2925,Frenchie,BOYS,Serge,D,,2026-08-27 23:48:19.72276+00,Serge,"Chemistry, chaos, and a heart of gold.",SW,P,,1,55
cc19460d-effd-4bd4-9a88-b5e5994de02a,Nick Fury,MAR,Nick Fury,D,https://trtccsljexjplnuhnlkz.supabase.co/storage/v1/object/public/character-art/nick-fury.jpg,2026-08-11 04:47:36.459091+00,Nick Fury,Knows exactly what you did.,SA,W,"{""reply"":[""I knew you'd say that before you said it."",""Save it. I've read your file already."",""I've handled bigger threats before my first coffee.""],""taunt"":[""I already know how this ends. I always do."",""I've got a file on you three moves deep."",""S.H.I.E.L.D. doesn't get surprised. Not by this.""],""falling"":[""Didn't see that coming. Rare for me."",""Somebody's getting a very stern debrief about this.""],""overDown"":[""Contained. Filed. Closed."",""That's why they pay me the big secret budget.""]}",2,52
cc2fbe4a-d81e-48ed-beb3-bf9d51bee09f,Albus Dumbledore,HP,Dumbledore,A,https://trtccsljexjplnuhnlkz.supabase.co/storage/v1/object/public/character-art/albus-dumbledore.jpg,2026-08-11 04:47:36.459091+00,Dumbledore,Knew for years and said nothing.,SW,E,"{""reply"":[""Fear of a name only increases fear of the thing itself."",""Happiness can be found even here, if you know where to look."",""It is our choices that show what we truly are. Watch mine.""],""taunt"":[""Silence was a choice. So is this."",""I have faced darker things than you, and outlasted them."",""Curious, how little you understand what you're challenging.""],""falling"":[""After all this time... still, this happens."",""There are things worse than this, and I have known them.""],""overDown"":[""Too late, I fear, for you."",""It did not have to end this way. But it did.""]}",1,88
cc603c1c-0876-4951-8c9c-a1e4277e1b7b,Thomas Godolkin,BOYS,Founder,C,,2026-08-27 23:58:34.849937+00,Thomas Godolkin,Built an empire on broken children.,SE,P,,1,70
ccf77602-b64d-4f07-80d5-0c7157ef4487,War Machine,MAR,James Rhodes,C,https://trtccsljexjplnuhnlkz.supabase.co/storage/v1/object/public/character-art/war-machine.jpg,2026-08-11 04:47:36.459091+00,James Rhodes,"Same suit, considerably more guns.",SPE,W,"{""reply"":[""I've flown missions scarier than this threat."",""Save the speech, I've got targeting systems for that."",""Big talk from someone about to eat a missile.""],""taunt"":[""Same suit, way more firepower. Think about that."",""I don't do subtle. I do overwhelming."",""Rhodey doesn't miss, and neither do my guns.""],""falling"":[""Systems failing. Rhodey's had worse days though."",""Tell Tony I said the suit needs work.""],""overDown"":[""War Machine, mission complete."",""Tony's gonna hear about this one.""]}",1,68
cd009d6f-c71f-4668-844b-748553eda775,Silver Surfer,MAR,Norrin Radd,S,https://trtccsljexjplnuhnlkz.supabase.co/storage/v1/object/public/character-art/silver-surfer.jpg,2026-08-11 04:47:36.459091+00,Norrin Radd,Rides in from somewhere sad.,WP,S,"{""reply"":[""I have seen worlds end. Your threat is small."",""The cosmos itself answers to the board I ride."",""Norrin Radd gave up everything already. What do you offer?""],""taunt"":[""I have ridden between galaxies. This is a pause."",""The Power Cosmic does not fear mortal threats."",""I served a god once. You are not one.""],""falling"":[""Even a herald of Galactus can be humbled."",""I have sacrificed more than this before.""],""overDown"":[""The Power Cosmic, undiminished."",""Another world, spared this time.""]}",0,99
cd3ae622-bd1a-492a-8a6b-babbf8d65ee9,Leon Kennedy,RE,,C,https://trtccsljexjplnuhnlkz.supabase.co/storage/v1/object/public/character-art/leon.jpg,2026-08-16 16:53:54.077409+00,Leon Scott Kennedy,Just a rookie cop.,SAE,P,"{""reply"":[""I've talked my way out of scarier things than this."",""Save it. I've got a mission and you're in the way."",""Cute threat. I've fought actual monsters.""],""taunt"":[""Just a rookie cop, several presidents' daughters ago."",""I've survived worse than you with way less ammo."",""This isn't even my worst Tuesday, honestly.""],""falling"":[""Should've brought more ammo. Story of my career."",""Not the worst thing that's happened to me. Close, though.""],""overDown"":[""Another Tuesday, another disaster averted."",""That's for everyone I couldn't save before.""]}",1,57
cdf1fdf2-218e-4528-9253-82d67a670513,Sister Sage,BOYS,Sage,D,,2026-08-27 23:48:19.72276+00,Jessica Bradley,"The smartest person in the room, playing everyone.",SE,P,,1,59
cebb3742-2ecb-4c34-8b31-0128b166a90d,Lucius Zogratis,BC,Lucius,S,https://trtccsljexjplnuhnlkz.supabase.co/storage/v1/object/public/character-art/lucius-zogratis.jpg,2026-08-11 04:47:36.459091+00,Lucius,"Time, and an unbearable smile.",WE,A,"{""reply"":[""Your resistance is quaint against something eternal."",""I have watched kingdoms rise for this exact moment."",""The world I am building has no room for your defiance.""],""taunt"":[""I have all the time in existence for this."",""A perfect world requires your defeat. Simple as that."",""You are an obstacle in a plan centuries old.""],""falling"":[""This delays the plan. It does not end it."",""Even perfection accounts for setbacks.""],""overDown"":[""The perfect world takes one step closer."",""As it was always meant to be.""]}",1,98
cfa226fc-5840-4dc4-b1fa-4a226b05936e,Kingpin,MAR,Wilson Fisk,C,https://trtccsljexjplnuhnlkz.supabase.co/storage/v1/object/public/character-art/kingpin.jpg,2026-08-11 04:47:36.459091+00,Wilson Fisk,Owns the block you are standing on.,SPE,A,"{""reply"":[""I did not build an empire by fearing threats."",""Wilson Fisk does not negotiate. He acquires."",""Your noise means nothing in my city.""],""taunt"":[""This block belongs to me. So does this fight."",""Everyone in this city answers to me eventually."",""You should have checked who owns this territory.""],""falling"":[""This is a setback. Not an ending."",""The Kingpin does not fall easily.""],""overDown"":[""This is my city. Remember that."",""Business, concluded favorably.""]}",1,64
cfb11df3-0de2-4640-8937-4b20ff86799c,Goro,MK,,B,https://trtccsljexjplnuhnlkz.supabase.co/storage/v1/object/public/character-art/goro.jpg,2026-08-19 13:13:40.4991+00,Goro,,PA,SW,,0,78
cfe48144-3951-436a-81c0-7ee146441742,Tsunade,NAR,,A,https://trtccsljexjplnuhnlkz.supabase.co/storage/v1/object/public/character-art/tsunade.jpg,2026-08-19 13:13:40.4991+00,Fifth Hokage,,AP,W,,0,85
d06f2daa-e865-4813-bcee-054aafc3be00,John Stewart,DC,John Stewart,A,https://trtccsljexjplnuhnlkz.supabase.co/storage/v1/object/public/character-art/john-stewart.jpg,2026-08-11 04:47:36.459091+00,John Stewart,"Marine, architect, Green Lantern.",SA,E,"{""reply"":[""I don't flinch under fire. Training took care of that."",""The Corps chose me for a reason. This is it."",""Save the speech for someone who hasn't seen combat.""],""taunt"":[""Marine discipline, architect's precision, Lantern's will."",""I don't waste constructs on people who aren't worth it."",""I've served on the front lines. This isn't new to me.""],""falling"":[""Even discipline has its limits under enough fire."",""The Corps will hear a full report on this.""],""overDown"":[""Mission accomplished, as always."",""That's what discipline gets you.""]}",0,87
d10011aa-89ee-4997-a27a-f413355c2766,Blue Beetle,DC,Jaime Reyes,B,https://trtccsljexjplnuhnlkz.supabase.co/storage/v1/object/public/character-art/blue-beetle.jpg,2026-08-11 04:47:36.459091+00,Jaime Reyes,The scarab makes the decisions.,WP,E,"{""reply"":[""The scarab says that was a mistake. I agree."",""Jaime Reyes didn't ask for this, but here we are."",""Cute threat. The armor's already responding.""],""taunt"":[""The scarab's already picked your ending."",""I don't always agree with it, but it's usually right."",""Alien tech versus you. Not exactly fair, sorry.""],""falling"":[""The scarab's arguing with me again. Bad timing."",""Should've listened to it sooner, probably.""],""overDown"":[""The scarab's satisfied. That's rare."",""El Paso's finest, delivering as usual.""]}",0,73
d2c28be6-f49b-4af0-91dc-0af25e74eb8a,Thragg,INV,,S,https://trtccsljexjplnuhnlkz.supabase.co/storage/v1/object/public/character-art/thragg.jpg,2026-08-16 16:53:54.077409+00,Thragg,Grand Regent of the Viltrumites.,PSE,A,"{""reply"":[""The Viltrumite Empire does not answer to lesser threats."",""I have outlived and outfought every rival I've had."",""Your resistance is a formality I am choosing to allow.""],""taunt"":[""Regent of the Viltrumites. The strongest one, and I know it."",""I have led an empire of gods. This is beneath me."",""Nothing in this fight worries me. Nothing ever has.""],""falling"":[""This does not happen to me. This will not happen again."",""Even the Regent has apparently never met this before.""],""overDown"":[""The Empire's strongest remains unchallenged."",""Regent, and undefeated. As it should be.""]}",0,91
d4f597ed-ff82-4760-a05c-4f8264a21784,Nymphadora Tonks,HP,,C,https://trtccsljexjplnuhnlkz.supabase.co/storage/v1/object/public/character-art/nymphadora-tonks.jpg,2026-08-19 13:13:40.4991+00,Tonks,,WA,P,,1,65
d5025e35-957b-45e6-b020-32e914a276ae,Storm,MAR,Ororo Munroe,A,https://trtccsljexjplnuhnlkz.supabase.co/storage/v1/object/public/character-art/storm.jpg,2026-08-11 04:47:36.459091+00,Ororo Munroe,Brings her own climate.,WA,P,"{""reply"":[""The storm does not negotiate."",""You raise your voice. I raise the weather."",""Nature itself agrees with me here.""],""taunt"":[""The sky answers to me. What answers to you?"",""I've calmed hurricanes. You are not a hurricane."",""Feel the wind change? That's your warning.""],""falling"":[""Even a goddess answers to something."",""The storm will return. I always do.""],""overDown"":[""The sky is clear again."",""Even the wind bends to what's right.""]}",0,85
d5da63bd-7380-4299-8880-ba09eba01d03,Rogue,MAR,Anna Marie,B,https://trtccsljexjplnuhnlkz.supabase.co/storage/v1/object/public/character-art/rogue.jpg,2026-08-11 04:47:36.459091+00,Anna Marie,"Borrow now, apologise later.",WP,S,"{""reply"":[""Careful now, I don't need permission to take what I want."",""Cute threat. I've absorbed scarier."",""You should worry more about my hands than my words.""],""taunt"":[""One touch, sugar, and I've got everything you've got."",""Don't tempt me. You won't like what I borrow."",""I've beaten stronger with a single touch.""],""falling"":[""Too much at once. Even I have limits."",""Should've been more careful what I touched.""],""overDown"":[""Borrowed just enough to finish this."",""Thanks for the power. Keep the rest.""]}",0,78
d679a92d-b91e-42c6-93c2-ab3309275a8c,The Penguin,DC,Oswald Cobblepot,D,https://trtccsljexjplnuhnlkz.supabase.co/storage/v1/object/public/character-art/the-penguin.jpg,2026-08-11 04:47:36.459091+00,Oswald Cobblepot,"Money, birds, leverage.",SWE,P,"{""reply"":[""I've bought off better threats than yours."",""Cobblepot doesn't flinch. Cobblepot invoices."",""Careful who you threaten in my city, dear boy.""],""taunt"":[""Money, birds, leverage. I've got all three on you."",""Everyone in this city owes me a favor. Including luck."",""The Iceberg Lounge has seen scarier men than you leave crying.""],""falling"":[""This is going to cost someone dearly. Later."",""The umbrella's got one more trick. Give me a second.""],""overDown"":[""Business, concluded profitably."",""That's what happens when you cross the Penguin.""]}",0,48
d703e702-d74d-4c30-9938-b78409946950,Peacemaker,DC,Christopher Smith,C,https://trtccsljexjplnuhnlkz.supabase.co/storage/v1/object/public/character-art/peacemaker.jpg,2026-08-16 16:53:54.077409+00,Christopher Smith,Loves peace so much he will kill for it.,EP,S,"{""reply"":[""That's not very peaceful of you, and neither is this."",""I've heard scarier things from my own father, frankly."",""Peace requires sacrifice. Yours, specifically, right now.""],""taunt"":[""I love peace enough to kill every one of you for it."",""This is for the greater good. Mostly your problem, not mine."",""Eagly's watching. Try to look good.""],""falling"":[""This isn't peaceful at all, for the record."",""My dad's gonna say I did this wrong too.""],""overDown"":[""Peace achieved. Somebody had to do it."",""Eagly, we did it, buddy.""]}",0,65
d71ee597-807f-4f32-a61d-e79faf4b0e73,Loki,MAR,Loki Laufeyson,A,https://trtccsljexjplnuhnlkz.supabase.co/storage/v1/object/public/character-art/loki.jpg,2026-08-11 04:47:36.459091+00,Loki Laufeyson,The copy you got may not be the copy.,WSE,P,"{""reply"":[""Oh, was that meant to be clever?"",""I've deceived gods. You are not a challenge."",""Careful, I collect grudges and use them well.""],""taunt"":[""I've already won. You just don't know it yet."",""Which version of me are you even fighting?"",""Lies are so much more fun than truth.""],""falling"":[""This was not part of the plan. Ironically."",""Even gods of mischief run out of tricks.""],""overDown"":[""Glorious purpose, achieved."",""The trickster always gets the last word.""]}",1,83
d7535f1a-55be-464a-88ec-9852b2baa396,Battlebeast,INV,,S,https://trtccsljexjplnuhnlkz.supabase.co/storage/v1/object/public/character-art/battlebeast.jpg,2026-08-16 16:53:54.077409+00,Unknown,The most rutheless fighter.,PE,W,"{""reply"":[""Talk doesn't land like my fists do."",""I've beaten scarier things bare-handed than you."",""Save your breath. You'll need it in a second.""],""taunt"":[""Strongest hand to hand fighter most will ever meet. Believe it."",""I don't need weapons. Never have."",""This is the part where you realize you're outmatched.""],""falling"":[""First time that's happened. Noted, and remembered."",""Even the strongest fighter meets someone stronger eventually.""],""overDown"":[""Hand to hand. Every time. No exceptions."",""That's what undefeated looks like.""]}",0,90
d84fdee2-8ff3-4342-b358-89d53e2a5a55,Kurapika,HXH,,B,https://trtccsljexjplnuhnlkz.supabase.co/storage/v1/object/public/character-art/kurapika.jpg,2026-08-19 13:13:40.4991+00,Kurapika,,SE,P,,2,79
d87afe0f-e7fb-444e-a6bf-aac15112447d,John Constantine,DC,John Constantine,B,https://trtccsljexjplnuhnlkz.supabase.co/storage/v1/object/public/character-art/john-constantine.jpg,2026-08-11 04:47:36.459091+00,John Constantine,You will regret this purchase.,WSE,A,"{""reply"":[""I've made deals with worse things than your threat."",""Save it. I've heard scarier from actual demons."",""You lot always talk too much before losing.""],""taunt"":[""You will regret this, mate. Everyone does."",""I've cheated worse things than you out of a soul."",""I don't do heroics. I do whatever works.""],""falling"":[""Bloody hell, that one actually hurt."",""I've got worse deals to worry about than this.""],""overDown"":[""That's one more debt paid off, I suppose."",""Told you. Everyone regrets crossing me.""]}",2,70
d8acf0dc-6807-43d3-a7e0-2bf454dc945c,Brainiac,DC,Vril Dox,A,https://trtccsljexjplnuhnlkz.supabase.co/storage/v1/object/public/character-art/brainiac.jpg,2026-08-11 04:47:36.459091+00,Vril Dox,Collects cities. Bottled.,SWE,A,"{""reply"":[""Emotion is an inefficient response. Noted and ignored."",""I have processed threats from entire civilizations."",""Your argument contains a two percent chance of relevance.""],""taunt"":[""I have already collected worlds greater than this one."",""Your resistance has been calculated and dismissed."",""I do not fight. I catalog and then discard.""],""falling"":[""This outcome falls outside projected parameters."",""Recalculating. This will not happen twice.""],""overDown"":[""Specimen collected. Or discarded. Your choice was irrelevant."",""Another data point, confirmed.""]}",1,88
d959b65e-49b7-46d0-8c54-c839afb80784,Nobara Kugisaki,JJK,Nobara,C,https://trtccsljexjplnuhnlkz.supabase.co/storage/v1/object/public/character-art/nobara-kugisaki.jpg,2026-08-11 04:47:36.459091+00,Nobara,"Hammer, nails, no hesitation.",WP,S,"{""reply"":[""Cute threat. I've got nails with your name on them."",""I don't do subtle. I do very, very direct."",""Save it. My hammer's already swinging.""],""taunt"":[""Hammer, nails, and zero patience for this."",""I left the countryside for way bigger fights than you."",""Straw doll technique doesn't miss its target.""],""falling"":[""Didn't see that domain coming. Should have."",""Not done yet. Not even close.""],""overDown"":[""Nailed it. Literally."",""That's what happens when you underestimate me.""]}",0,68
d968c246-4902-4ff1-977b-969daeb9c30d,Mei Mei,JJK,,C,https://trtccsljexjplnuhnlkz.supabase.co/storage/v1/object/public/character-art/mei-mei.jpg,2026-08-19 13:13:40.4991+00,Mei Mei,,SE,P,,1,72
d97318d8-efc7-40e0-9e6c-7ff5b2a010d0,Choso,JJK,,C,https://trtccsljexjplnuhnlkz.supabase.co/storage/v1/object/public/character-art/choso.jpg,2026-08-19 13:13:40.4991+00,Choso,,PE,S,,0,73
da591281-ba83-4d72-918c-a5069385fb22,Vulture,MAR,Vulture,C,https://trtccsljexjplnuhnlkz.supabase.co/storage/v1/object/public/character-art/vulture.jpg,2026-08-19 00:41:46.834798+00,Adrian Toomes,The most dangerous thing in the sky.,WE,A,"{""reply"":[""Everybody wants to underestimate the old man."",""I built these wings myself. Respect the craft."",""You should've stayed on the ground.""],""taunt"":[""I've been doing this since before you were tough."",""Wings don't tire. Do you?"",""Watch the sky. That's where it ends.""],""falling"":[""Should've... checked the rig before I flew."",""Not bad. Not enough, but not bad.""],""overDown"":[""Old man wins again."",""Should've stayed on the ground.""]}",1,63
da946034-b1cb-46c5-a199-c4c40e4d62c6,Kisame Hoshigaki,NAR,,B,https://trtccsljexjplnuhnlkz.supabase.co/storage/v1/object/public/character-art/kisame-hoshigaki.jpg,2026-08-19 13:13:40.4991+00,Kisame,,PE,S,,0,82
db359eba-409a-45aa-a29d-2bb96fa59936,Billy Butcher,BOYS,Butcher,C,,2026-08-27 23:48:19.72276+00,William Butcher,"Scorched earth, zero apologies.",SE,A,,2,70
dbbb7485-e896-428e-8f2d-75d2a18d4e80,Kraven the Hunter,MAR,Sergei Kravinoff,C,https://trtccsljexjplnuhnlkz.supabase.co/storage/v1/object/public/character-art/kraven-the-hunter.jpg,2026-08-11 04:47:36.459091+00,Sergei Kravinoff,"Hunts for sport, never for need.",PSE,A,"{""reply"":[""A hunter does not fear the hunted."",""You speak like prey that has not accepted its role."",""I've heard louder roars from actual lions.""],""taunt"":[""I hunt for sport. This is the best sport yet."",""The greatest hunter alive does not lose to prey."",""I have stalked gods. You are simpler.""],""falling"":[""Even Kraven meets prey worth remembering."",""This will not go unanswered. Ever.""],""overDown"":[""Another trophy for the wall."",""The greatest hunter, proven again.""]}",0,65
dcdc5319-e570-449e-9d08-c3d5bf559250,Bizarro,DC,Imperfect copy,A,https://trtccsljexjplnuhnlkz.supabase.co/storage/v1/object/public/character-art/bizarro.jpg,2026-08-11 04:47:36.459091+00,Imperfect copy,Am not good bid.,PW,S,"{""reply"":[""That not scary, Bizarro not scared, is very scared."",""Me no understand words good, me understand punching good."",""Bizarro think that bad plan, Bizarro right, is wrong.""],""taunt"":[""Am not good bid! Bizarro win now, definitely!"",""Me destroy you, this make Bizarro sad, is happy."",""Bizarro world backwards, so this fight backwards too, win!""],""falling"":[""Bizarro no supposed to lose, this backwards too much."",""Am not hurt bad! Is hurt very bad.""],""overDown"":[""Bizarro win! Is very confusing feeling, good feeling."",""Me did bad job good, Bizarro proud, is sad.""]}",0,87
dd4e2c59-9a71-490a-afe1-afcc3af746d2,Kakashi Hatake,NAR,Kakashi,A,https://trtccsljexjplnuhnlkz.supabase.co/storage/v1/object/public/character-art/kakashi-hatake.jpg,2026-08-11 04:47:36.459091+00,Kakashi,Late to everything except the kill.,SA,P,"{""reply"":[""Those who abandon the mission are trash. Remember that."",""I've read that move in a book already. Predictable."",""Big talk for someone about to be studied and countered.""],""taunt"":[""I've copied a thousand jutsu. Yours won't help either."",""Sorry, I'm late to this too. Habit."",""The Sharingan's already seen how this ends.""],""falling"":[""Obito, I might be late to something bigger this time."",""Even the Sharingan has a cost eventually.""],""overDown"":[""Mission complete. On time, for once."",""Copy Ninja doesn't lose to amateurs.""]}",0,87
dd7ce759-5cde-412c-a9f2-a82086e78c96,Alastor Moody,HP,,B,https://trtccsljexjplnuhnlkz.supabase.co/storage/v1/object/public/character-art/alastor-moody.jpg,2026-08-19 13:13:40.4991+00,Mad-Eye Moody,,SA,P,,2,74
e0a1bc7b-177d-4d97-a9d8-a9ef9a707390,Black Noir,BOYS,Earving,C,,2026-08-27 23:48:19.72276+00,Earving,"Silent, lethal, completely unhinged.",PE,S,,1,69
e137e21d-f20a-4d62-b7be-1c07387b620b,Gyutaro,DS,,C,https://trtccsljexjplnuhnlkz.supabase.co/storage/v1/object/public/character-art/gyutaro.jpg,2026-08-19 13:13:40.4991+00,Gyutaro,,E,A,,0,75
e1c70e9f-4f28-44d7-94cd-c0e96ad884cc,Daredevil,MAR,Matt Murdock,C,https://trtccsljexjplnuhnlkz.supabase.co/storage/v1/object/public/character-art/daredevil.jpg,2026-08-11 04:47:36.459091+00,Matt Murdock,Blind. Still sees you coming.,SA,E,"{""reply"":[""I've heard louder threats from actual thunder."",""Your footwork gives you away before you swing."",""Talk all you want. I hear the truth anyway.""],""taunt"":[""I don't need to see you to end this."",""Hell's Kitchen doesn't scare easy. Neither do I."",""I hear your heartbeat. It's already telling on you.""],""falling"":[""Matt Murdock's had worse Tuesdays."",""I'll be back on my feet by morning.""],""overDown"":[""The Kitchen's safe tonight."",""Justice doesn't need eyes. Just conviction.""]}",1,65
e3025fe2-8556-4622-af4f-cd4963a1af44,Bellatrix Lestrange,HP,Bellatrix,C,https://trtccsljexjplnuhnlkz.supabase.co/storage/v1/object/public/character-art/bellatrix-lestrange.jpg,2026-08-11 04:47:36.459091+00,Bellatrix,Enjoying this far too much.,WE,A,"{""reply"":[""Ooh, feisty! I do love a bit of fight in my prey!"",""That almost sounded threatening! Adorable, really!"",""Crucio's just a spell away, darling, careful now!""],""taunt"":[""I'm enjoying this far too much already!"",""Little baby wants to play? How delightful!"",""The Dark Lord will be so pleased with this!""],""falling"":[""No! This is NOT how this ends, not for me!"",""The Dark Lord chooses his favorites well! Remember that!""],""overDown"":[""Hahaha! That was simply glorious!"",""The Dark Lord will hear how well I did!""]}",0,69
e3159b1a-c939-4b14-a201-2ed06f97cdc3,Green Arrow,DC,Oliver Queen,C,https://trtccsljexjplnuhnlkz.supabase.co/storage/v1/object/public/character-art/green-arrow.jpg,2026-08-11 04:47:36.459091+00,Oliver Queen,"Rich, loud, surprisingly right.",SA,P,"{""reply"":[""I've heard scarier threats from my board of directors."",""Save it. I've got an arrow with your name on it."",""Big talk from someone about to lose to a bow.""],""taunt"":[""Rich, loud, and annoyingly good at this."",""I don't miss. Ollie Queen never misses."",""You picked a fight with the wrong billionaire vigilante.""],""falling"":[""Should've packed the trick arrows for this one."",""Dinah's never gonna let me hear the end of this.""],""overDown"":[""Bullseye. Every arrow, every time."",""Star City's cleaner tonight.""]}",1,63
e31a8082-a325-45a1-b099-0f6dd9a9fd63,Robot,INV,Robot,B,,2026-08-28 00:26:55.746744+00,Rudolph Connors,Cold calculation behind an army of steel.,SE,P,,1,81
e37bce48-01b6-4d04-a6df-c23c82783a29,William Vangeance,BC,,B,https://trtccsljexjplnuhnlkz.supabase.co/storage/v1/object/public/character-art/william-vangeance.jpg,2026-08-19 13:13:40.4991+00,William,,SA,E,,1,84
e4ee6eba-dc1c-409b-b253-efbe375728e2,Dante Zogratis,BC,,A,https://trtccsljexjplnuhnlkz.supabase.co/storage/v1/object/public/character-art/dante-zogratis.jpg,2026-08-19 13:13:40.4991+00,Dante,,PE,A,,0,91
e4f2cf02-50b0-4ebc-877a-6732bb376551,Muzan Kibutsuji,DS,Muzan,B,https://trtccsljexjplnuhnlkz.supabase.co/storage/v1/object/public/character-art/muzan-kibutsuji.jpg,2026-08-11 04:47:36.459091+00,Muzan,"Runs from everything, survives everything.",WE,A,"{""reply"":[""Your resistance is exactly why I remain undefeated."",""I have engineered my own perfection. You have not."",""A thousand years, and still nothing threatens me.""],""taunt"":[""I've survived a thousand years by running from nothing worth this."",""You are an insect challenging perfection."",""I do not fear demon slayers. I outlast them.""],""falling"":[""A thousand years of perfection, undone by this."",""Even perfection has an expiration, apparently.""],""overDown"":[""Perfection, once again, unchallenged."",""This is why I have survived a millennium.""]}",1,89
e63695d3-c59e-4d48-9604-597c23a0699f,Neferpitou,HXH,,A,https://trtccsljexjplnuhnlkz.supabase.co/storage/v1/object/public/character-art/neferpitou.jpg,2026-08-19 13:13:40.4991+00,Pitou,,PE,S,,0,87
e7263fa4-6dab-4851-9267-d952a0f6759f,King Shark,DC,King Shark,C,https://trtccsljexjplnuhnlkz.supabase.co/storage/v1/object/public/character-art/king-shark.jpg,2026-08-19 00:41:46.834798+00,Nanaue,"Half god, half shark, entirely hungry.",PE,S,"{""reply"":[""Nanaue not scared. Nanaue hungry."",""Small talk boring. Nanaue prefers biting."",""You smell like next meal.""],""taunt"":[""King Shark always eats."",""You should have brought a bigger boat."",""Nanaue's teeth say hello.""],""falling"":[""Nanaue... not used to losing."",""Ow. That hurt Nanaue's feelings too.""],""overDown"":[""Nanaue win. Nanaue eat now."",""That was a good snack.""]}",0,64
e8ac79c6-f63c-4f0d-9e74-2bbb4500451b,Hisoka Morow,HXH,,B,https://trtccsljexjplnuhnlkz.supabase.co/storage/v1/object/public/character-art/hisoka-morow.jpg,2026-08-19 13:13:40.4991+00,Hisoka,,EW,A,,1,81
e8c32670-a5b6-4b8a-9500-0e99f8fea9d1,Shang Tsung,MK,,A,https://trtccsljexjplnuhnlkz.supabase.co/storage/v1/object/public/character-art/shang-tsung.jpg,2026-08-19 13:13:40.4991+00,Shang Tsung,,SW,P,,2,86
e92800b6-e9c6-49eb-ae5b-4f4acde96241,Mileena,MK,,C,https://trtccsljexjplnuhnlkz.supabase.co/storage/v1/object/public/character-art/mileena.jpg,2026-08-19 13:13:40.4991+00,Mileena,,E,SA,,0,69
e9489078-fc0f-4a13-a3ea-a46d95225f2d,Geras,MK,,A,https://trtccsljexjplnuhnlkz.supabase.co/storage/v1/object/public/character-art/geras.jpg,2026-08-19 13:13:40.4991+00,Geras,,SA,W,,1,90
eafb6f0d-b68e-4896-bc34-976aec97a15b,Black Canary,DC,Dinah Lance,C,https://trtccsljexjplnuhnlkz.supabase.co/storage/v1/object/public/character-art/black-canary.jpg,2026-08-11 04:47:36.459091+00,Dinah Lance,"Scream first, ask later.",AS,W,"{""reply"":[""I've silenced louder threats with one scream."",""Save your breath, you'll need it to hear me properly."",""Cute speech. Wait till you hear mine.""],""taunt"":[""I scream first, ask questions never."",""You really don't want to hear my Canary Cry."",""Ollie's not the only one in this relationship who fights.""],""falling"":[""My throat's raw. Worth it, mostly."",""Ollie's gonna say I told you so.""],""overDown"":[""That's the last sound you'll want to hear again."",""Star City's Canary doesn't lose.""]}",0,62
ebc51a96-809d-48d5-a931-e4ac48b66d00,Kessler,INF,Leader of the First Sons,A,https://trtccsljexjplnuhnlkz.supabase.co/storage/v1/object/public/character-art/kessler.jpg,2026-08-17 21:54:50.128002+00,Cole MacGrath (Future),Travelled back through time to prepare his past self.,SW,A,"{""reply"":[""Everything I did... I did to make you stronger."",""You have no idea what is coming."",""Sacrifice is the price of salvation.""],""taunt"":[""Show me if you're truly ready!"",""I've lived through the end of the world. You won't defeat me."",""Is that the best you can do?""],""falling"":[""At last... my mission is complete..."",""You are ready now...""],""overDown"":[""You were not strong enough."",""The future remains unchanged.""]}",1,90
ec1ae6f5-6da3-416e-90d7-a261e259b05a,Zenitsu Agatsuma,DS,Zenitsu,D,https://trtccsljexjplnuhnlkz.supabase.co/storage/v1/object/public/character-art/zenitsu-agatsuma.jpg,2026-08-11 04:47:36.459091+00,Zenitsu,"Screams, faints, wins.",PW,S,"{""reply"":[""I'm scared, I'm SO scared, but I'm still here!"",""Please don't hurt me, but also I'm about to hurt you!"",""I fight better asleep, weirdly, so maybe don't wake me!""],""taunt"":[""I'm terrified, but I'm still gonna beat you, somehow!"",""Don't make me use Thunder Breathing, First Form, again!"",""I scream a lot but I also win a lot, okay?!""],""falling"":[""I knew this would happen, I KNEW it!"",""Somebody tell Nezuko I tried my best, please!""],""overDown"":[""I did it?! I actually did it!"",""Nezuko, did you see that?! I was so brave!""]}",0,68
ec20b63e-fc36-4cee-96fb-a8a1050809f5,Rubeus Hagrid,HP,,C,https://trtccsljexjplnuhnlkz.supabase.co/storage/v1/object/public/character-art/rubeus-hagrid.jpg,2026-08-19 13:13:40.4991+00,Hagrid,,PA,S,,0,64
ec2d59e0-1591-4977-8744-399391fff689,Lord Voldemort,HP,Tom Riddle,B,https://trtccsljexjplnuhnlkz.supabase.co/storage/v1/object/public/character-art/lord-voldemort.jpg,2026-08-11 04:47:36.459091+00,Tom Riddle,Split himself seven ways to dodge one death.,WE,A,"{""reply"":[""Love is a weakness I discarded. It will not save you."",""I have no fear left to exploit. I removed it, deliberately."",""Your resistance is precisely why the wizarding world will kneel.""],""taunt"":[""I split myself seven ways to dodge one death. I win."",""There is no good and evil. There is only power."",""You dare challenge the one who conquered death itself?""],""falling"":[""Even a soul split seven ways can still be cornered."",""Even a soul split seven ways can be cornered, apparently.""],""overDown"":[""Another obstacle, removed. As always."",""Power, once again, proven correct.""]}",1,85
ed03ce12-9ece-47eb-99a4-a2b53005d562,Beast,MAR,Hank McCoy,C,https://trtccsljexjplnuhnlkz.supabase.co/storage/v1/object/public/character-art/beast.jpg,2026-08-11 04:47:36.459091+00,Hank McCoy,Six doctorates and a left hook.,SP,E,"{""reply"":[""Fascinating. Wrong, but fascinating."",""I've read papers with better arguments than that."",""Even feral, I still think faster than you swing.""],""taunt"":[""Six doctorates, and this is still the easy part."",""Brains and brawn. Rare combination, really."",""I calculated this outcome three moves ago.""],""falling"":[""The data on this outcome was... incomplete."",""Even genius doesn't account for everything.""],""overDown"":[""Elementary application of superior strength."",""Science and claws. Undefeated combination.""]}",1,65
edb1c11d-da5a-4202-88e5-119ff34f15b8,Kid Flash,DC,Wally West,B,https://trtccsljexjplnuhnlkz.supabase.co/storage/v1/object/public/character-art/kid_flash.jpg,2026-08-16 16:53:54.077409+00,Wally West,"Faster than he has any right to be, at his age.",WA,PE,"{""reply"":[""Didn't catch that, already three steps ahead."",""Wally West doesn't slow down for talk."",""Uncle Barry's faster, sure, but I'm catching up.""],""taunt"":[""Faster than I've got any right to be, honestly."",""Give me half a second, that's all I need."",""I've outrun scarier things than you already.""],""falling"":[""Barry's never gonna let me hear the end of this."",""Didn't see that coming. Should've, honestly.""],""overDown"":[""Told you. Half a second was plenty."",""Central City's finest young speedster, right here.""]}",0,71
ee63328b-22fd-4689-b501-5a9e463d69ec,Mother Miranda,RE,Leader of the Four Lords & Mold Master,A,https://trtccsljexjplnuhnlkz.supabase.co/storage/v1/object/public/character-art/mother-miranda.jpg,2026-08-17 22:49:13.506526+00,Miranda,Weaponized the Megamycete mold.,SWE,A,"{""reply"":[""Eva will be reborn through this power!"",""The Megamycete responds to my every command."",""A century of research will not be undone.""],""taunt"":[""You are merely raw material for the Mold!"",""Behold the true power of life and death!"",""Your resistance is nothing to the Megamycete.""],""falling"":[""Eva... my sweet child..."",""The mold... is crumbling...""],""overDown"":[""Absorbed into the consciousness."",""Another failed vessel discarded.""]}",1,86
ee747f3a-bf52-4061-a0e9-b4a1a9d67528,Hantengu,DS,,D,https://trtccsljexjplnuhnlkz.supabase.co/storage/v1/object/public/character-art/hantengu.jpg,2026-08-19 13:13:40.4991+00,Hantengu,,W,P,,0,78
ee9f44b7-9b0a-470d-bc4b-780886a2944b,Jack the Ripper,BC,,B,https://trtccsljexjplnuhnlkz.supabase.co/storage/v1/object/public/character-art/jack-the-ripper.jpg,2026-08-19 13:13:40.4991+00,Jack,,E,SA,,0,81
efae49eb-660c-431c-a99d-faace82a2bc1,Vandal Savage,DC,Vandar Adg,C,https://trtccsljexjplnuhnlkz.supabase.co/storage/v1/object/public/character-art/vandal-savage.jpg,2026-08-11 04:47:36.459091+00,Vandar Adg,Fifty thousand years of practice.,SPE,A,"{""reply"":[""I have heard every threat imaginable across five hundred centuries."",""Your bravado will not survive contact with true age."",""I buried civilizations that spoke braver than you.""],""taunt"":[""Fifty thousand years of practice. This is a formality."",""I have outlived empires. You will not outlive this."",""Immortality taught me exactly how fights like this end.""],""falling"":[""Even immortality has inconvenient days, apparently."",""I will simply outlive this too. I always do.""],""overDown"":[""Another millennium, another victory. Predictable."",""Fifty thousand years of being right, unbroken.""]}",2,63
f15a5709-ca68-4377-ac16-228f9abbf505,Draco Malfoy,HP,,D,https://trtccsljexjplnuhnlkz.supabase.co/storage/v1/object/public/character-art/draco-malfoy.jpg,2026-08-19 13:13:40.4991+00,Draco,,SW,P,,1,52
f25822f0-385c-4510-af7f-4ec2796c7d9b,Shaiapouf,HXH,,B,https://trtccsljexjplnuhnlkz.supabase.co/storage/v1/object/public/character-art/shaiapouf.jpg,2026-08-19 13:13:40.4991+00,Pouf,,SW,P,,1,84
f2ccfd88-db99-4665-a024-e8ff6a102c18,Captain Marvel,MAR,Carol Danvers,S,https://trtccsljexjplnuhnlkz.supabase.co/storage/v1/object/public/character-art/capmar.jpg,2026-08-16 16:53:54.077409+00,Carol Danvers,"Absorbs energy, gets stronger.",PA,S,"{""reply"":[""I don't apologize for being the strongest one here."",""That attack just made me stronger. Try again."",""Carol Danvers doesn't back down from a fight like this.""],""taunt"":[""I absorb energy and get stronger. Keep swinging."",""Higher, further, faster. That's not just a motto."",""The Kree made a weapon. I made myself a person.""],""falling"":[""Didn't see that coming. Genuinely rare for me."",""Even absorbing energy has its limits, apparently.""],""overDown"":[""Higher, further, faster. Every time."",""Binary form wasn't even necessary for that.""]}",0,92
f312fde1-b297-49ce-9682-bf3362669a21,Miles Morales,MAR,The great electric Spiderrrr,B,https://trtccsljexjplnuhnlkz.supabase.co/storage/v1/object/public/character-art/miles.jpg,2026-08-16 16:53:54.077409+00,Miles Morales,Still figuring out the whole hero thing.,WA,E,"{""reply"":[""Cute threat. I've heard scarier from my own aunt."",""I don't need Peter's permission to handle this."",""You're not the scariest thing I've faced this week, honestly.""],""taunt"":[""Still figuring out this whole hero thing. Doing fine, though."",""Venom strike's got your name on it."",""I've got moves Peter doesn't even know about.""],""falling"":[""Definitely not how I pictured this going."",""Ganke's never gonna believe this story.""],""overDown"":[""That's for everyone who said I couldn't do this."",""Brooklyn's got a new favorite hero, apparently.""]}",1,77
f3d1b940-4c8f-4c2e-a7de-63ab0fb880c4,Remus Lupin,HP,,B,https://trtccsljexjplnuhnlkz.supabase.co/storage/v1/object/public/character-art/remus-lupin.jpg,2026-08-19 13:13:40.4991+00,Lupin,,PA,S,,0,68
f3dcdec3-5ee8-418e-bb75-de2b82e6310a,Uvogin,HXH,,B,https://trtccsljexjplnuhnlkz.supabase.co/storage/v1/object/public/character-art/uvogin.jpg,2026-08-19 13:13:40.4991+00,Uvogin,,P,SW,,0,80
f4c9aa01-26bc-47c9-8302-3ee162e0e8a3,Noob Saibot,MK,,B,https://trtccsljexjplnuhnlkz.supabase.co/storage/v1/object/public/character-art/noob-saibot.jpg,2026-08-19 13:13:40.4991+00,Bi-Han,,WE,A,,0,80
f5dbec8c-693d-48d1-95b7-48066c6e1fbe,Human Torch,MAR,Johnny Storm,B,https://trtccsljexjplnuhnlkz.supabase.co/storage/v1/object/public/character-art/human-torch.jpg,2026-08-11 04:47:36.459091+00,Johnny Storm,Keep well away from the longbox.,AW,S,"{""reply"":[""Cute threat. I'm literally on fire right now."",""I've heard scarier from Ben, and he's just grumpy."",""Save it. My ego's bigger than your speech.""],""taunt"":[""Flame on, and this fight's already over."",""I'm the hottest thing in this room. Obviously."",""You really wanna test the Human Torch?""],""falling"":[""Ben's never gonna let me live this down."",""Not the flashy exit I was hoping for.""],""overDown"":[""Flame off. Job done."",""Somebody get a picture, this was a good one.""]}",0,76
f632b0c8-4dee-4fae-bc50-54e7e4f4f12e,Thor,MAR,Thor Odinson,S,https://trtccsljexjplnuhnlkz.supabase.co/storage/v1/object/public/character-art/thor.jpg,2026-08-11 04:47:36.459091+00,Thor Odinson,"Weather included, no extra charge.",PW,S,"{""reply"":[""Is that meant to frighten me?"",""I've survived worse than talk."",""Big words for someone about to eat lightning.""],""taunt"":[""Bring the thunder, or don't bother."",""I've fought gods before breakfast."",""You dare raise a hand to an Asgardian?""],""falling"":[""Even a god bleeds, it seems."",""This is not the worst I've survived. Nearly, though.""],""overDown"":[""I said bring thunder. You brought nothing."",""Asgard remembers this. You will not.""]}",0,94
f6e09a29-64ea-4ef2-86fc-3187857d6f1e,Hughie Campbell,BOYS,UE,D,,2026-08-27 23:48:19.72276+00,Hugh Campbell Jr.,"Caught in the crossfire, hitting back anyway.",SA,P,,1,54
f94551c3-4462-4a1a-9a87-b0889e97fa55,Albert Wesker,RE,Umbrella Mastermind,B,https://trtccsljexjplnuhnlkz.supabase.co/storage/v1/object/public/character-art/albert-wesker.jpg,2026-08-17 22:21:08.02479+00,Albert Wesker,Seven minutes is all he can spare to play with you.,PE,A,"{""reply"":[""Seven minutes. Seven minutes is all I can spare."",""Complete global saturation.""],""taunt"":[""Poor performance indeed."",""Is that the best you can manage?""],""falling"":[""Self-appointed godhood... lost...""],""overDown"":[""You're merely an obstacle.""]}",1,82
fb581b15-f594-4162-96cf-f31b7bbb140e,Gon Freecss,HXH,,C,https://trtccsljexjplnuhnlkz.supabase.co/storage/v1/object/public/character-art/gon-freecss.jpg,2026-08-19 13:13:40.4991+00,Gon,,P,S,,0,75
fd46f9c4-b2ce-49ca-8b62-e742a37e654b,Star-Lord,MAR,Peter Quill,C,https://trtccsljexjplnuhnlkz.supabase.co/storage/v1/object/public/character-art/star-lord.jpg,2026-08-11 04:47:36.459091+00,Peter Quill,Confidence exceeds inventory.,SA,P,"{""reply"":[""Wow, harsh. I'm still the hero here though."",""Cool speech. Mine's better, ask anyone."",""I've talked my way out of scarier stuff than you.""],""taunt"":[""I'm basically a legend. You're welcome."",""Bet you didn't expect the guy with the walkman."",""This is gonna be a great story later.""],""falling"":[""Not... the ending I had in mind."",""Somebody tell Gamora I said something cool at least.""],""overDown"":[""And that's why they call me Star-Lord."",""Somebody cue the music, this deserves it.""]}",1,66
fdb54cf5-7edc-49a3-bc97-18f646f862d2,Supergirl,DC,Kara Zor-El,S,https://trtccsljexjplnuhnlkz.supabase.co/storage/v1/object/public/character-art/supergirl.jpg,2026-08-11 04:47:36.459091+00,Kara Zor-El,"Angrier, newer, same sun.",PA,S,"{""reply"":[""I don't need Kal's permission to end this."",""You picked the Kryptonian with something to prove."",""Big talk from someone about to meet actual heat vision.""],""taunt"":[""Same sun as my cousin. Angrier, though."",""I've got more to prove, which makes this worse for you."",""Krypton's fire runs hotter in me.""],""falling"":[""Even Kryptonians have bad days apparently."",""Kal's gonna hear about this eventually.""],""overDown"":[""Kara Zor-El. Remember the name."",""That's what happens when you underestimate the cousin.""]}",0,95
fdcd1e9b-b4ea-413a-a7e0-3b98abad9c2a,Kinji Hakari,JJK,,B,https://trtccsljexjplnuhnlkz.supabase.co/storage/v1/object/public/character-art/kinji-hakari.jpg,2026-08-19 13:13:40.4991+00,Hakari,,WP,S,,1,83
fe6c5297-fb17-46a3-aa0c-ce410740e308,Igris,SL,Blood-Red Commander,B,https://trtccsljexjplnuhnlkz.supabase.co/storage/v1/object/public/character-art/igris.jpg,2026-08-11 04:47:36.459091+00,Blood-Red Commander,"Bows first, then removes you.",PAE,S,"{""reply"":[""Loyalty sharpens a blade in ways you cannot understand."",""I do not fear what my liege has already surpassed."",""Your words mean nothing before a Monarch's shadow.""],""taunt"":[""I bow to my liege first. I remove you second."",""Blood-Red Commander does not lose to lesser threats."",""My blade serves a Monarch. Yours serves nothing.""],""falling"":[""My liege... this body may fail, but not the loyalty."",""Even a commander bows to something greater, eventually.""],""overDown"":[""My liege will find this outcome acceptable."",""The Blood-Red Commander does not fail.""]}",0,80
ff06d349-55df-484f-9431-64f2b84760e2,Hawkman,DC,Carter Hall,B,https://trtccsljexjplnuhnlkz.supabase.co/storage/v1/object/public/character-art/hawkman.jpg,2026-08-11 04:47:36.459091+00,Carter Hall,"Mace now, questions never.",PE,S,"{""reply"":[""I've died and returned more times than you've trained."",""Reincarnation makes threats feel very temporary to me."",""Save your words. The mace doesn't listen anyway.""],""taunt"":[""Mace now, questions never. That's the whole plan."",""I've lived a hundred lives. I'm not afraid of one more fight."",""Nth metal doesn't care about your speech.""],""falling"":[""I'll be back. I always am, eventually."",""This isn't the first time. Won't be the last.""],""overDown"":[""Another life, another victory."",""The mace speaks louder than words ever could.""]}",0,73
ff81f7fd-883a-4078-8fd9-a7d2e13e27ac,Mr. Freeze,DC,Victor Fries,D,https://trtccsljexjplnuhnlkz.supabase.co/storage/v1/object/public/character-art/mr-freeze.jpg,2026-08-11 04:47:36.459091+00,Victor Fries,Saddest man in the box.,SP,A,"{""reply"":[""Grief does not fear you. Nothing does anymore."",""I have nothing left to lose. That makes me dangerous."",""Your threats mean less than absolute zero to me.""],""taunt"":[""I have already lost everything. You cannot threaten that."",""The cold does not care for your warmth."",""Nora is why I do this. Remember her name.""],""falling"":[""Nora... I am sorry I could not do more."",""Even ice cracks eventually, it seems.""],""overDown"":[""For Nora. Always for Nora."",""The cold does not apologize.""]}",1,56
